Unnamed: 0,_id,name
0,0,platelet dense tubular network membrane
2,2,STARD3
6,6,Tooth caries aggravated NOS
34,34,ERBB2 Regulates Cell Motility
38,38,Carbamoylcholine
44,44,nuclear exosome (RNase complex)
65,65,Metaraminol
88,88,ZNF140
107,107,Cardiomegaly
115,115,establishment or maintenance of monopolar cell polarity
144,144,Tazarotene
146,146,ATM1
147,147,mitochondrial large ribosomal subunit
155,155,growth plate cartilage chondrocyte development
177,177,regulation of cellular amino acid biosynthetic process
213,213,SCARNA14
226,226,regulation of protein targeting to mitochondrion
241,241,voluntary skeletal muscle contraction
243,243,WAKMAR2
275,275,Arrhythmogenic Right Ventricular Cardiomyopathy
279,279,tricarboxylic acid cycle enzyme complex
291,291,SNAR-C2
328,328,regulation of cell communication by electrical coupling involved in cardiac conduction
333,333,cellular component assembly involved in morphogenesis
338,338,Transcription of E2F targets under negative control by DREAM complex
354,354,Urinary Incontinence
367,367,ARL2BPP4
373,373,Cervical smear test positive
377,377,Pituitary tumour benign
382,382,positive regulation of vascular endothelial growth factor signaling pathway
434,434,regulation of progesterone biosynthetic process
436,436,establishment of Sertoli cell barrier
443,443,Pharyngolaryngeal pain
448,448,negative regulation of intracellular protein transport
476,476,MARK2P17
513,513,vesicle-mediated transport between endosomal compartments
518,518,Infantile Apparent Life-Threatening Event
534,534,MARCHF11
548,548,cardiac septum cell differentiation
623,623,"nuclear-transcribed mRNA catabolic process, exonucleolytic, 3'-5'"
624,624,WARS2
627,627,secondary alcohol metabolic process
638,638,cellular response to superoxide
702,702,multivesicular body sorting pathway
706,706,regulation of heart induction by regulation of canonical Wnt signaling pathway
712,712,Application site scar
755,755,cellular response to potassium ion
761,761,nuclear pre-replicative complex
772,772,very-low-density lipoprotein particle assembly
825,825,Pulmonary toxicity
828,828,nuclear euchromatin
844,844,Oestrogen low
858,858,Akt1
863,863,deadenylation-independent decapping of nuclear-transcribed mRNA
871,871,Regulation of PTEN gene transcription
906,906,Intraflagellar transport
912,912,positive regulation of cardiolipin metabolic process
918,918,Breast mass
929,929,regulation of low-density lipoprotein particle receptor binding
959,959,GABRB1
960,960,Ventricular fibrillation
976,976,RNF151
999,999,high-density lipoprotein particle clearance
1000,1000,relaxation of vascular smooth muscle
1030,1030,alveolar lamellar body membrane
1032,1032,SMARCD2
1035,1035,ARG80
1058,1058,Bicarbonate transporters
1059,1059,cellular response to thyroid hormone stimulus
1062,1062,cerebellar molecular layer morphogenesis
1095,1095,arginase activity
1115,1115,Carfilzomib
1116,1116,regulation of branching involved in mammary gland duct morphogenesis
1123,1123,nuclear migration along microtubule
1124,1124,nuclear envelope disassembly
1125,1125,establishment of T cell polarity
1126,1126,positive regulation of low-density lipoprotein particle receptor biosynthetic process
1180,1180,Rad51
1199,1199,cellular response to triacyl bacterial lipopeptide
1200,1200,atrial cardiac muscle cell to AV node cell communication
1218,1218,arylesterase activity
1249,1249,BARD1
1254,1254,dense fibrillar component
1264,1264,STARD4-AS1
1265,1265,RNF11P1
1268,1268,Arthralgia of temporomandibular joint
1276,1276,ventricular zone neuroblast division
1277,1277,regulation of intracellular protein transport
1307,1307,RPGRIP1
1312,1312,PARD6B
1316,1316,RNF144B
1347,1347,PARD3B
1357,1357,regulation of cell cycle arrest
1369,1369,Paroxysmal atrial tachycardia
1383,1383,Kaposi's varicelliform eruption
1389,1389,protein processing involved in protein targeting to mitochondrion
1400,1400,neuron projection arborization
1416,1416,GARP complex
1444,1444,BANF1P3
1447,1447,cellular response to organonitrogen compound
1449,1449,YARS1
1471,1471,ARF4
1472,1472,heart induction
1476,1476,ARGFX
1480,1480,ZNF175
1510,1510,cellular response to vitamin
1521,1521,monocarboxylic acid metabolic process
1548,1548,"oxidoreductase activity, acting on single donors with incorporation of molecular oxygen, incorporation of two atoms of oxygen"
1574,1574,cellular biogenic amine catabolic process
1587,1587,Paresthesia of limbs
1599,1599,vascular cancer
1603,1603,extracellular matrix constituent conferring elasticity
1605,1605,cardiac muscle cell proliferation
1610,1610,endoplasmic reticulum tubular network membrane
1614,1614,ZNF117
1616,1616,MYCBP2-AS1
1619,1619,Single umbilical artery
1627,1627,IFNAR2
1633,1633,intraciliary transport involved in cilium assembly
1659,1659,mammary gland morphogenesis
1677,1677,asparaginyl-tRNA aminoacylation
1681,1681,mitochondrial tricarboxylic acid cycle enzyme complex
1687,1687,AARS1
1692,1692,ARHGAP15
1711,1711,asparaginase activity
1744,1744,Acarodermatitis
1755,1755,Facial paralysis
1767,1767,Hydroxycarboxylic acid-binding receptors
1770,1770,Pharyngitis streptococcal
1772,1772,triglyceride-rich plasma lipoprotein particle
1812,1812,"ligase activity, forming carbon-sulfur bonds"
1828,1828,"oxidoreductase activity, acting on paired donors, with incorporation or reduction of molecular oxygen, another compound as one donor, and incorporation of one atom of oxygen"
1829,1829,regulation of cellular response to stress
1832,1832,ARMCX3
1852,1852,Atrioventricular block complete
1859,1859,WAR1
1872,1872,protein carboxyl O-methyltransferase activity
1878,1878,centrosome separation
1916,1916,endosome transport via multivesicular body sorting pathway
1925,1925,Cardiac syncope
1927,1927,Ovarian failure
1942,1942,insulin-like growth factor ternary complex
1985,1985,Roxarsone
1992,1992,establishment of planar polarity
2019,2019,Pseudobulbar Palsy
2022,2022,nuclear membrane organization
2035,2035,heart valve development
2075,2075,ART4
2097,2097,Cataract diabetic
2181,2181,disaccharide transmembrane transporter activity
2220,2220,ARHGEF2
2224,2224,BARD1 signaling events
2234,2234,Paranoid delusions
2268,2268,Cerebellar syndrome
2273,2273,Aspartate aminotransferase decreased
2293,2293,Coronary artery disease
2326,2326,Paresthesia generalized
2340,2340,ARAP1-AS1
2349,2349,ARSF
2357,2357,Arachnoiditis
2367,2367,Miliaria
2374,2374,negative regulation of megakaryocyte differentiation
2396,2396,alveolar lamellar body
2436,2436,PARP16
2443,2443,positive regulation of multicellular organism growth
2512,2512,ciliary membrane
2519,2519,MARCHF9
2532,2532,vascular endothelial growth factor receptor 2 binding
2551,2551,negative regulation of intracellular steroid hormone receptor signaling pathway
2560,2560,Reflex tachycardia
2566,2566,nuclear inclusion body
2594,2594,RARRES2P8
2618,2618,regulation of cardiac muscle tissue development
2630,2630,positive regulation of vascular endothelial cell proliferation
2640,2640,endoplasmic reticulum-Golgi intermediate compartment organization
2641,2641,regulation of mononuclear cell migration
2647,2647,pre-replicative complex assembly involved in nuclear cell cycle DNA replication
2648,2648,Barr body
2663,2663,somatodendritic compartment
2708,2708,LNCAROD
2735,2735,Generalized urticaria
2736,2736,BRCA1-BARD1 complex
2754,2754,phagosome maturation involved in apoptotic cell clearance
2766,2766,CHEK2P1
2791,2791,mitochondrial alpha-ketoglutarate dehydrogenase complex
2797,2797,Signaling by EGFR
2801,2801,ARHGAP22
2808,2808,regulation of chromosome separation
2824,2824,antral ovarian follicle growth
2850,2850,vestibular aqueduct
2856,2856,nuclear heterochromatin
2862,2862,marginal zone B cell differentiation
2882,2882,voltage-gated sodium channel activity involved in cardiac muscle cell action potential
2908,2908,Tardive dyskinesia
2920,2920,axon target recognition
2963,2963,negative regulation of carbohydrate metabolic process
2967,2967,ZNF660-ZNF197
2977,2977,sarcoplasmic reticulum lumen
2979,2979,Oropharyngeal squamous cell carcinoma
2997,2997,neuromuscular synaptic transmission
2999,2999,extracellular matrix disassembly
3046,3046,oligosaccharide binding
3081,3081,[heparan sulfate]-glucosamine N-sulfotransferase activity
3084,3084,popliteal artery
3090,3090,response to transition metal nanoparticle
3114,3114,amyloid-beta clearance by cellular catabolic process
3140,3140,sarcosine metabolic process
3144,3144,epithelial to mesenchymal transition involved in endocardial cushion formation
3174,3174,Repression of WNT target genes
3179,3179,primary miRNA processing
3194,3194,bone marrow development
3257,3257,aspartic-type endopeptidase inhibitor activity
3273,3273,Muscular weakness
3291,3291,multicellular organismal response to stress
3322,3322,Ovarian neoplasm
3359,3359,Arp2/3 complex-mediated actin nucleation
3375,3375,ATM
3378,3378,Pars planitis
3393,3393,Early menarche
3407,3407,"regulation of symbiosis, encompassing mutualism through parasitism"
3423,3423,farnesol catabolic process
3425,3425,Skin warm
3430,3430,oligosaccharide transport
3433,3433,ARMC7
3464,3464,Breakdown of the nuclear lamina
3465,3465,cellular hyperosmotic salinity response
3472,3472,regulation of systemic arterial blood pressure by endothelin
3475,3475,triglyceride-rich lipoprotein particle remodeling
3478,3478,Bambermycins
3503,3503,ZNF148
3541,3541,IRES-dependent translational initiation of linear mRNA
3555,3555,CARD16
3558,3558,carnosine metabolic process
3581,3581,carnosine biosynthetic process
3612,3612,ZNF10
3627,3627,cartilage development involved in endochondral bone morphogenesis
3638,3638,ErbB2/ErbB3 signaling events
3648,3648,alpha-Arbutin
3663,3663,cellular response to prostaglandin D stimulus
3683,3683,EGFR interacts with phospholipase C-gamma
3686,3686,cellular alkene metabolic process
3690,3690,vestibulocochlear nerve development
3695,3695,cellular amine metabolic process
3698,3698,Carotid sinus syndrome
3705,3705,cellular response to fatty acid
3721,3721,APOB3'MAR
3808,3808,PAR4-mediated thrombin signaling events
3835,3835,negative regulation of mononuclear cell migration
3882,3882,Paresthesia of scalp
3911,3911,ARG81
3921,3921,PRKAR2A
3924,3924,THO complex part of transcription export complex
3936,3936,Arthropathy
3939,3939,NF1P6
3940,3940,signal recognition particle receptor complex
3943,3943,Glabellar reflex abnormal
3949,3949,negative regulation of intracellular signal transduction
3967,3967,L-aspartate import across plasma membrane
3974,3974,cardiac atrium morphogenesis
3989,3989,alpha-ketoglutarate transmembrane transporter activity
4000,4000,intracellular cGMP-activated cation channel activity
4022,4022,Sarcoma uterus
4028,4028,mitochondrial depolarization
4034,4034,EGFR downregulation
4035,4035,ARL2BPP7
4042,4042,cellular pigmentation
4060,4060,PCDH15
4089,4089,intracellular transport of viral protein in host cell
4096,4096,release of sequestered calcium ion into cytosol by sarcoplasmic reticulum
4099,4099,positive regulation of autophagy of mitochondrion in response to mitochondrial depolarization
4101,4101,farnesyl diphosphate biosynthetic process
4104,4104,cellular response to zinc ion starvation
4145,4145,tubular endosome
4170,4170,arachidonic acid monooxygenase activity
4172,4172,carbohydrate transmembrane transport
4183,4183,positive regulation of cardiocyte differentiation
4215,4215,regulation of protein localization to ciliary membrane
4217,4217,Lumbar disc lesion
4224,4224,cellular response to cisplatin
4237,4237,Cargo concentration in the ER
4260,4260,tricellular tight junction
4280,4280,GRB2 events in ERBB2 signaling
4285,4285,negative regulation of cardiac muscle hypertrophy
4314,4314,Arcus senilis
4315,4315,RARG
4373,4373,PARK21
4375,4375,ARHGAP31
4378,4378,ARVD6
4386,4386,Salivary gland disorder
4395,4395,RNF144A-AS1
4403,4403,cellular response to growth hormone stimulus
4407,4407,positive regulation of cardiac conduction
4413,4413,SAR1A
4429,4429,negative regulation of extracellular matrix disassembly
4447,4447,PCDH18
4476,4476,positive regulation of translational initiation in response to starvation
4498,4498,membrane depolarization during action potential
4502,4502,Bone marrow toxicity
4551,4551,Warm type haemolytic anaemia
4562,4562,Ear canal erythema
4574,4574,RNF126
4575,4575,mammary gland specification
4596,4596,Hypertrophic cardiomyopathy
4660,4660,outer dynein arm assembly
4698,4698,carbohydrate derivative catabolic process
4703,4703,PEAR1
4726,4726,negative regulation of cellular response to growth factor stimulus
4774,4774,Gouty arthritis
4779,4779,Carotid artery thrombosis
4789,4789,MARCHF8
4815,4815,ARID3BP1
4859,4859,regulation of intracellular cholesterol transport
4887,4887,BCAR4
4896,4896,Postural Orthostatic Tachycardia Syndrome
4900,4900,cellular response to retinoic acid
4912,4912,peptidyl-glutamic acid carboxylation
4913,4913,Gamma-carboxylation of protein precursors
4934,4934,pulmonary valve development
4939,4939,cellular ketone body metabolic process
4958,4958,Plantar fasciitis
4961,4961,"peptidyl-arginine methylation, to symmetrical-dimethyl arginine"
4977,4977,Heart rate abnormal
4978,4978,"Biosynthesis of the N-glycan precursor (dolichol lipid-linked oligosaccharide, LLO) and transfer to a nascent protein"
4983,4983,ARMC1
4995,4995,ARID1B
5007,5007,Azilsartan medoxomil
5029,5029,protein localization to ciliary transition zone
5033,5033,Rivaroxaban
5072,5072,Arterial thrombosis
5081,5081,cellular response to muramyl dipeptide
5101,5101,mammary gland bud morphogenesis
5168,5168,MARCHF11-AS1
5170,5170,prostate epithelial cord arborization involved in prostate glandular acinus morphogenesis
5198,5198,intracellular mRNA localization
5242,5242,ARP1
5264,5264,Biliary fibrosis
5286,5286,Electrocardiogram T wave inversion
5333,5333,cellular phosphate ion homeostasis
5385,5385,Blepharitis
5396,5396,membrane depolarization during AV node cell action potential
5398,5398,Renal tubular acidosis
5417,5417,protein localization to early endosome
5435,5435,Laryngeal haemorrhage
5451,5451,umbilical artery
5464,5464,protein-L-isoaspartate (D-aspartate) O-methyltransferase activity
5467,5467,response to bleomycin
5468,5468,cellular response to leucine
5470,5470,ciliary pocket
5489,5489,regulation of heart looping
5499,5499,cardiac muscle cell-cardiac muscle cell adhesion
5500,5500,FFAR2
5506,5506,positive regulation of proteolysis involved in cellular protein catabolic process
5534,5534,maintenance of apical/basal cell polarity
5552,5552,membrane repolarization during cardiac muscle cell action potential
5556,5556,varicosity
5610,5610,Fear
5626,5626,cerebellar granule cell precursor tangential migration
5632,5632,learned vocalization behavior
5642,5642,"oxidoreductase activity, acting on paired donors, with incorporation or reduction of molecular oxygen, reduced iron-sulfur protein as one donor, and incorporation of one atom of oxygen"
5662,5662,positive regulation of cardiac muscle myoblast proliferation
5676,5676,Salivary duct obstruction
5717,5717,FAR1-IT1
5724,5724,nuclear polyadenylation-dependent mRNA catabolic process
5726,5726,meiotic nuclear membrane microtubule tethering complex
5732,5732,cell fate commitment involved in formation of primary germ layer
5744,5744,cellular carbohydrate biosynthetic process
5766,5766,TAAR5
5801,5801,Progesterone Congeners
5821,5821,cargo loading into COPII-coated vesicle
5830,5830,cellular response to low-density lipoprotein particle stimulus
5836,5836,coronary vein morphogenesis
5881,5881,ciliary basal body organization
5898,5898,LARS1
5899,5899,Erbb2
5921,5921,Carbamazepine
5924,5924,ARA1
5985,5985,cellular response to inorganic substance
5993,5993,Multifocal atrial tachycardia
6003,6003,Bicarbonate decreased serum
6018,6018,cellular response to hydrogen sulfide
6032,6032,Roxithromycin
6048,6048,PPARG
6060,6060,monosaccharide biosynthetic process
6093,6093,extracellular negative regulation of signal transduction
6104,6104,cellular hyperosmotic response
6120,6120,Osteoarticular pain
6123,6123,Thyroid carcinoma
6155,6155,ARNTL
6156,6156,STARD5
6183,6183,cellular response to nitrosative stress
6232,6232,LARS2-AS1
6242,6242,internal carotid artery
6284,6284,cardiac pacemaker cell development
6286,6286,regulation of intracellular sterol transport
6290,6290,Butobarbital
6356,6356,ornithine decarboxylase activator activity
6364,6364,Adenocarcinoma
6431,6431,cellular response to sterol depletion
6437,6437,2-oxoglutarate metabolic process
6464,6464,response to mitochondrial depolarisation
6554,6554,ZNF101P1
6567,6567,NOTCH1 Intracellular Domain Regulates Transcription
6571,6571,CARD8-AS1
6576,6576,Oedema auricular
6597,6597,artery morphogenesis
6604,6604,meiotic telomere tethering at nuclear periphery
6607,6607,Dental caries
6656,6656,cellular lactam metabolic process
6674,6674,tarsal gland
6709,6709,ZNF106
6718,6718,SMARCE1P1
6740,6740,SNAR-F
6759,6759,regulation of cardiac muscle contraction by regulation of the release of sequestered calcium ion
6763,6763,MARCHF5
6769,6769,Diarylquinolines
6798,6798,Degradation of the extracellular matrix
6831,6831,3-hydroxy-arachidoyl-CoA dehydratase activity
6856,6856,regulation of transcription from RNA polymerase II promoter involved in myocardial precursor cell differentiation
6864,6864,cellular amide catabolic process
6886,6886,ARHGEF7-IT1
6916,6916,VIIth nerve paralysis
6939,6939,drug transport across blood-brain barrier
7013,7013,Eprosartan
7048,7048,small nucleolar ribonucleoprotein complex assembly
7055,7055,ZNF16
7064,7064,regulation of cellular response to vascular endothelial growth factor stimulus
7105,7105,RARRES2P3
7126,7126,Parp2
7160,7160,regulation of arachidonic acid secretion
7194,7194,FARP1-AS1
7204,7204,PARGP1-AGAP4
7213,7213,miR-517 relationship with ARCN1 and USP1
7255,7255,SCARNA2
7260,7260,Angular cheilitis
7342,7342,Varicocele
7343,7343,pericardium development
7346,7346,Chorea Gravidarum
7364,7364,secondary active sulfate transmembrane transporter activity
7378,7378,cellular glucose homeostasis
7403,7403,FARSA-AS1
7422,7422,negative regulation of amyloid-beta clearance
7427,7427,inner ear receptor cell stereocilium organization
7475,7475,response to laminar fluid shear stress
7486,7486,positive regulation of pulmonary blood vessel remodeling
7497,7497,establishment of endothelial blood-brain barrier
7499,7499,polar microtubule
7504,7504,protein-arginine N-methyltransferase activity
7505,7505,Secondary adrenocortical insufficiency
7520,7520,intercellular bridge
7524,7524,cellular response to amyloid-beta
7532,7532,RARS2
7533,7533,cellular response to lead ion
7578,7578,Polyarthritis
7584,7584,glomerular mesangium development
7606,7606,Validated nuclear estrogen receptor beta network
7615,7615,Solar lentigo
7633,7633,platelet dense tubular network
7644,7644,Parkinsonian gait
7669,7669,Injection site warmth
7683,7683,Myocardial rupture
7716,7716,Cholinergic Muscarinic Agonists
7738,7738,Streptomycin
7750,7750,SCART1
7760,7760,RNF125
7765,7765,RAD51D
7784,7784,RNF10
7796,7796,endosomal part
7827,7827,cellular response to thapsigargin
7847,7847,aspartate metabolic process
7902,7902,aspartate catabolic process
7923,7923,Inferior myocardial infarction
7925,7925,cellular response to exogenous dsRNA
7953,7953,Daptomycin
7956,7956,Sleep Arousal Disorders
7971,7971,cellular protein complex disassembly
7978,7978,BRIP1
8008,8008,PRB1
8010,8010,regulation of cellular response to oxidative stress
8015,8015,protein transport to vacuole involved in ubiquitin-dependent protein catabolic process via the multivesicular body sorting pathway
8016,8016,Anogenital warts
8021,8021,Staring
8025,8025,pulmonary valve morphogenesis
8040,8040,Quinidine barbiturate
8065,8065,regulation of membrane hyperpolarization
8075,8075,HARS1
8109,8109,regulation of carbohydrate metabolic process
8128,8128,insulin secretion involved in cellular response to glucose stimulus
8137,8137,endocardial cell differentiation
8143,8143,intercellular transport
8159,8159,PAUPAR
8165,8165,response to estrogen
8210,8210,primary amino compound biosynthetic process
8215,8215,cellular aldehyde metabolic process
8216,8216,Mycophenolate mofetil
8220,8220,regulation of carbohydrate catabolic process by regulation of transcription from RNA polymerase II promoter
8239,8239,Polyarteritis nodosa
8246,8246,"intramolecular oxidoreductase activity, interconverting aldoses and ketoses"
8250,8250,RAD51L3-RFFL
8260,8260,HNF1A
8266,8266,pituitary gland
8267,8267,Pneumonia mycoplasmal
8270,8270,negative regulation of secondary metabolite biosynthetic process
8291,8291,Jarisch-Herxheimer reaction
8318,8318,Stimulation Large Intestine Fluid/Electrolyte Secretion
8326,8326,Extra-nuclear estrogen signaling
8328,8328,ZNF157
8359,8359,peptidyl-arginine modification
8369,8369,Carbamide peroxide
8374,8374,intramolecular transferase activity
8382,8382,Streptobacillary fever
8422,8422,monocarboxylic acid biosynthetic process
8443,8443,ARHGAP42P4
8465,8465,mucopolysaccharide metabolic process
8475,8475,Partial Cholinergic Nicotinic Agonists
8488,8488,RNF146
8491,8491,cellular response to interferon-alpha
8518,8518,cellular response to insulin-like growth factor stimulus
8522,8522,"Urinary Incontinence, Stress"
8534,8534,Paroxysmal nocturnal haemoglobinuria
8570,8570,cellular response to oxidative stress
8587,8587,Complete hearing loss
8591,8591,Scotoma of blind spot area
8595,8595,purine nucleotide-sugar transmembrane transporter activity
8613,8613,cellular detoxification of aldehyde
8677,8677,Myopericarditis
8690,8690,Bradycardia
8722,8722,Electrocardiogram ST segment depression
8734,8734,endocardium
8745,8745,inward rectifying potassium channel
8783,8783,nucleotide-sugar transmembrane transporter activity
8788,8788,atrial cardiac muscle cell action potential
8800,8800,arginine biosynthetic process
8807,8807,Coronary artery thrombosis
8826,8826,ZNF169
8830,8830,regulation of vacuolar transport
8836,8836,Cervical discharge
8850,8850,positive regulation of cellular amine metabolic process
8871,8871,metanephric glomerular visceral epithelial cell development
8878,8878,Autodegradation of Cdh1 by Cdh1:APC/C
8888,8888,Pulmonary alveolar haemorrhage
8942,8942,Dacarbazine
8947,8947,SMARCE1P7
8957,8957,negative regulation of cell proliferation involved in heart valve morphogenesis
8958,8958,condensed nuclear chromosome
8972,8972,MAP3K12
8983,8983,cardiac vascular smooth muscle cell development
8985,8985,cellular response to nutrient
9012,9012,collagen-containing extracellular matrix
9035,9035,oligosaccharide-lipid intermediate biosynthetic process
9055,9055,aspartate-tRNA ligase activity
9081,9081,Rifamycin
9095,9095,positive regulation of calcium ion import into sarcoplasmic reticulum
9098,9098,ARR3
9100,9100,inner ear receptor cell differentiation
9104,9104,voltage-gated calcium channel activity involved in cardiac muscle cell action potential
9105,9105,ARO80
9108,9108,positive regulation of cellular response to hypoxia
9110,9110,cellular response to diamide
9113,9113,formation of anatomical boundary
9156,9156,CDH12
9176,9176,RB1
9178,9178,cellular response to light intensity
9220,9220,TP53 Regulates Transcription of Genes Involved in G1 Cell Cycle Arrest
9231,9231,endocardial cushion cell differentiation
9274,9274,ARF1P2
9280,9280,fear response
9286,9286,glomerular filtration
9295,9295,establishment or maintenance of apical/basal cell polarity
9297,9297,cellular response to caffeine
9306,9306,arginine N-methyltransferase activity
9316,9316,Ileus paralytic
9317,9317,"oxidoreductase activity, acting on paired donors, with incorporation or reduction of molecular oxygen, reduced flavin or flavoprotein as one donor, and incorporation of one atom of oxygen"
9327,9327,SCARNA12
9336,9336,cytoskeleton-dependent intracellular transport
9348,9348,monocarboxylic acid catabolic process
9357,9357,negative regulation of cardiac muscle cell differentiation
9360,9360,cellular response to type I interferon
9395,9395,cellular response to dsRNA
9403,9403,endothelial microparticle
9421,9421,negative regulation of glomerular mesangial cell proliferation
9430,9430,regulation of epithelial to mesenchymal transition involved in endocardial cushion formation
9433,9433,CIART
9464,9464,EGFR Transactivation by Gastrin
9474,9474,BMP signaling pathway involved in heart development
9487,9487,Vestibular disorder
9506,9506,reticular formation
9539,9539,PARP4P1
9551,9551,nuclear RNA surveillance
9557,9557,Tearing eyes
9569,9569,TP53I13
9574,9574,carnitine biosynthetic process
9580,9580,ARL4AP4
9598,9598,cellular response to potassium ion starvation
9616,9616,"endonucleolytic cleavage in ITS1 to separate SSU-rRNA from 5.8S rRNA and LSU-rRNA from tricistronic rRNA transcript (SSU-rRNA, 5.8S rRNA, LSU-rRNA)"
9637,9637,ARSD
9679,9679,Parkinson's disease
9686,9686,VEGF binds to VEGFR leading to receptor dimerization
9697,9697,RUNX1 regulates estrogen receptor mediated transcription
9709,9709,CDH1
9712,9712,host cell part
9740,9740,Hepatic artery thrombosis
9758,9758,EGFR
9782,9782,ARFIP1
9808,9808,cellular response to oxygen levels
9822,9822,regulation of high-density lipoprotein particle clearance
9825,9825,ciliary transition fiber
9842,9842,CAR2
9846,9846,positive regulation of vacuolar transport
9863,9863,response to disaccharide
9877,9877,Follicular conjunctivitis
9922,9922,SMARCA1
9937,9937,BANF1P4
9999,9999,Tonsillar hypertrophy
10025,10025,Paronychia
10052,10052,Urinary hesitation
10061,10061,Eye discharge
10091,10091,negative regulation of estrogen receptor binding
10121,10121,cellular divalent inorganic anion homeostasis
10137,10137,alpha9-beta1 integrin-vascular cell adhesion molecule-1 complex
10161,10161,"Hearing Loss, Sudden"
10162,10162,mammary gland epithelium development
10170,10170,Ischaemic cerebral infarction
10197,10197,ARF4-AS1
10241,10241,cerebellar Purkinje cell-granule cell precursor cell signaling involved in regulation of granule cell precursor cell proliferation
10268,10268,regulation of systemic arterial blood pressure mediated by a chemical signal
10285,10285,Propylparaben
10287,10287,regulation of arginine catabolic process
10291,10291,cellular response to magnesium ion
10294,10294,positive regulation of extracellular matrix disassembly
10320,10320,ARHGEF2-AS1
10337,10337,cellular defense response
10359,10359,carbon dioxide transmembrane transporter activity
10371,10371,Bloody discharge
10372,10372,ZNF132
10394,10394,SCARNA9L
10403,10403,endoplasmic reticulum-Golgi intermediate compartment membrane
10408,10408,cellular hormone metabolic process
10413,10413,positive regulation of vascular smooth muscle cell differentiation
10465,10465,tertiary granule
10470,10470,protein-N-terminal asparagine amidohydrolase activity
10474,10474,ARIH2P1
10476,10476,trachea cartilage development
10482,10482,adenylate cyclase-activating adrenergic receptor signaling pathway involved in regulation of heart rate
10495,10495,PARN
10500,10500,Granuloma annulare
10505,10505,PCDH10
10514,10514,ARHGAP26-AS1
10522,10522,Rad51C-XRCC3 complex
10594,10594,Blepharal pigmentation
10597,10597,cellular response to corticotropin-releasing hormone stimulus
10618,10618,Antinuclear antibody positive
10627,10627,nuclear body
10631,10631,GJA9-MYCBP
10672,10672,postganglionic parasympathetic fiber development
10673,10673,Argininosuccinate synthetase deficiency
10696,10696,SCARNA1
10706,10706,Nodal arrhythmia
10745,10745,negative regulation of glomerular filtration
10752,10752,membrane repolarization
10784,10784,intraciliary transport
10788,10788,C-MYC pathway
10799,10799,PTAR1
10807,10807,BRCA1-A complex
10810,10810,Ovarian pain
10842,10842,regulation of ARF protein signal transduction
10868,10868,"hydrolase activity, acting on carbon-nitrogen (but not peptide) bonds, in linear amides"
10874,10874,Variegate porphyria
10888,10888,nuclear envelope organization
10927,10927,extracellular matrix binding
11001,11001,"ligase activity, forming carbon-carbon bonds"
11002,11002,positive regulation of very-low-density lipoprotein particle remodeling
11003,11003,[hydroxymethylglutaryl-CoA reductase (NADPH)] kinase activity
11015,11015,aromatic amino acid family biosynthetic process
11016,11016,modulation by virus of host molecular function
11056,11056,Laryngeal neoplasm
11067,11067,regulation of protein targeting to membrane
11068,11068,protein linear polyubiquitination
11069,11069,regulation of antigen processing and presentation of peptide or polysaccharide antigen via MHC class II
11106,11106,response to hypobaric hypoxia
11109,11109,cellular response to xenobiotic stimulus
11126,11126,ZNF124
11157,11157,response to anisomycin
11197,11197,negative regulation of establishment of endothelial barrier
11202,11202,The activation of arylsulfatases
11204,11204,vascular endothelial growth factor receptor 3 binding
11244,11244,cerebellar Purkinje cell layer development
11255,11255,Antepartum hemorrhage
11264,11264,vasculogenesis involved in coronary vascular morphogenesis
11276,11276,glandular epithelial cell differentiation
11340,11340,cellular response to ether
11376,11376,GABARAPL2
11418,11418,Overview of nanoparticle effects
11436,11436,ARNILA
11450,11450,SNAR-A11
11459,11459,"signal recognition particle, endoplasmic reticulum targeting"
11469,11469,Breast abscess
11478,11478,intraciliary retrograde transport
11494,11494,regulation of cellular amine metabolic process
11505,11505,oligosaccharide biosynthetic process
11508,11508,Enlargement abdomen
11533,11533,nuclear transcriptional repressor complex
11571,11571,endocardial cushion formation
11582,11582,EDARADD
11585,11585,fibrillar center
11603,11603,regulation of heart induction
11614,11614,Arthralgia
11636,11636,atrioventricular valve morphogenesis
11662,11662,metanephric glomerular epithelial cell development
11667,11667,ARC19
11669,11669,Vulvovaginal mycotic infection
11670,11670,JARID2-AS1
11671,11671,sugar mediated signaling pathway
11673,11673,regulation of arginine metabolic process
11677,11677,pericellular basket
11697,11697,cytosolic part
11703,11703,ZNF559-ZNF177
11704,11704,TP53 Regulates Transcription of DNA Repair Genes
11716,11716,Carcinogenicity
11719,11719,ARMCX6
11731,11731,cochlear nucleus development
11769,11769,Urinary protein increased
11778,11778,Pituitary infarction
11780,11780,negative regulation of cell proliferation involved in heart morphogenesis
11794,11794,cardiac conduction
11813,11813,sarcoma
11867,11867,glomerular mesangial cell development
11883,11883,positive regulation of cellular component biogenesis
11914,11914,Carcinoma breast
11935,11935,Decompensation cardiac
11953,11953,QARS1
11969,11969,modulation by host of viral molecular function
12011,12011,Carmustine
12031,12031,SCARNA27
12037,12037,Rifamycins
12058,12058,Learning Disorders
12069,12069,neuromuscular junction
12084,12084,Pericardial haemorrhage
12108,12108,ARL2BPP3
12126,12126,Facial paresis
12160,12160,MARCHF10
12206,12206,Arachidonic acid metabolism
12242,12242,common-partner SMAD protein phosphorylation
12250,12250,amyloid-beta clearance by transcytosis
12286,12286,Erythrocytes take up oxygen and release carbon dioxide
12291,12291,MFAP5-mediated ovarian cancer cell motility and invasiveness
12348,12348,regulation of ventricular cardiac muscle cell membrane repolarization
12367,12367,Mycosis fungoides
12369,12369,ECG signs of myocardial ischaemia
12392,12392,N-acetyl-L-aspartate-L-glutamate ligase activity
12406,12406,TAAR3P
12417,12417,estrogen 2-hydroxylase activity
12469,12469,Paraesthesia foot
12471,12471,ARPC2
12475,12475,Articaine
12493,12493,one-carbon compound transport
12511,12511,SERPINF1
12517,12517,SCARNA10
12530,12530,Partial Opioid Agonists
12539,12539,negative regulation of inner ear receptor cell differentiation
12558,12558,Blood oestrogen decreased
12572,12572,ARL17B
12581,12581,sarcomere
12588,12588,Arteriovenous fistula thrombosis
12589,12589,oligosaccharide catabolic process
12595,12595,TP53 regulates transcription of additional cell cycle genes whose exact role in the p53 pathway remain uncertain
12597,12597,SNAR-H
12603,12603,cellular response to zinc ion
12617,12617,Lung adenocarcinoma stage I
12641,12641,supramolecular complex
12658,12658,cellular response to transforming growth factor beta stimulus
12659,12659,mitochondrion targeting sequence binding
12707,12707,3-oxoacyl-[acyl-carrier-protein] synthase activity
12713,12713,growth plate cartilage chondrocyte proliferation
12715,12715,Biogenic amines are oxidatively deaminated to aldehydes by MAOA and MAOB
12722,12722,PARGP1
12723,12723,ARMC3
12747,12747,nuclear telomeric heterochromatin
12749,12749,RNF13
12778,12778,Diarrhoea haemorrhagic
12780,12780,RNF138P2
12789,12789,small nuclear ribonucleoprotein complex
12797,12797,VEGFR3 signaling in lymphatic endothelium
12802,12802,Psoriasis flare-up
12818,12818,cellular response to tetrahydrofolate
12864,12864,cardiac conduction system development
12875,12875,negative regulation of relaxation of cardiac muscle
12898,12898,"retromer, cargo-selective complex"
12914,12914,paranodal junction assembly
12915,12915,negative regulation of apoptotic cell clearance
12926,12926,regulation of cellular pH reduction
12928,12928,positive regulation of protein linear polyubiquitination
12937,12937,Inner ear disorder
12952,12952,intracellular calcium activated chloride channel activity
12993,12993,cellular anion homeostasis
13010,13010,estrogen 16-alpha-hydroxylase activity
13021,13021,negative regulation of establishment of blood-brain barrier
13048,13048,Telmisartan
13064,13064,CARD10
13084,13084,compartment pattern specification
13086,13086,proteolysis involved in cellular protein catabolic process
13109,13109,positive regulation of the force of heart contraction by epinephrine-norepinephrine
13144,13144,Rev-mediated nuclear export of HIV RNA
13148,13148,Rash pustular
13166,13166,negative regulation of vascular associated smooth muscle cell apoptotic process
13179,13179,positive regulation of cardiac muscle tissue regeneration
13198,13198,positive regulation of cellular protein catabolic process
13204,13204,cellular component disassembly
13209,13209,lipoprotein particle binding
13213,13213,right ventricular cardiac muscle tissue morphogenesis
13219,13219,regulation of intracellular transport of viral material
13223,13223,ARHGEF26-AS1
13233,13233,Vascular Sclerosing Activity
13240,13240,ADP-ribosylarginine hydrolase activity
13248,13248,Varicella
13255,13255,Urinary tract infection
13263,13263,Breast swelling
13298,13298,BMP signaling pathway involved in heart induction
13304,13304,regulation of vascular associated smooth muscle cell migration
13307,13307,arachidonate 12-lipoxygenase activity
13310,13310,SMARCD1
13313,13313,pulmonary myocardium development
13315,13315,Parotitis
13320,13320,Notch signaling involved in heart development
13331,13331,nuclear ncRNA surveillance
13385,13385,heparan sulfate binding
13392,13392,methylcrotonoyl-CoA carboxylase complex
13404,13404,midbrain-hindbrain boundary morphogenesis
13427,13427,inner dynein arm assembly
13432,13432,MYCBPAP
13439,13439,ARC40
13445,13445,Paralysis
13453,13453,Primary pulmonary hypertension
13458,13458,cellular response to oxygen radical
13471,13471,Laropiprant
13476,13476,aromatic amino acid transport
13484,13484,ARHGEF19
13494,13494,HRB1
13497,13497,Periventricular leukomalacia
13534,13534,vascular endothelial growth factor production
13538,13538,GARS1P1
13556,13556,negative regulation of cardiac muscle cell contraction
13584,13584,maintenance of protein location in extracellular region
13654,13654,Carotid artery stenosis
13693,13693,Pharyngeal erythema
13702,13702,Respiratory arrest
13726,13726,LARP6
13733,13733,KARS1P2
13758,13758,Nightmare
13760,13760,Defective AMN causes hereditary megaloblastic anemia 1
13777,13777,positive regulation of aspartic-type peptidase activity
13815,13815,miRNA targets in ECM and membrane receptors
13823,13823,Drug-induced parkinsonism
13855,13855,STARD6
13860,13860,RAD51AP2
13888,13888,carbohydrate mediated signaling
13893,13893,ciliary basal body-plasma membrane docking
13900,13900,Ear congestion
13949,13949,IFNAR1
13967,13967,ARO2
13971,13971,phosphoenolpyruvate carboxykinase activity
13978,13978,Cerebellar ataxia
13988,13988,Primary hypothyroidism
14003,14003,Potassium carbonate
14022,14022,positive regulation of fear response
14027,14027,gap junction-mediated intercellular transport
14029,14029,cerebellar nuclear complex
14052,14052,ARL4AP2
14064,14064,alpha-ketoglutarate transport
14095,14095,sequestering of BMP in extracellular matrix
14097,14097,pituitary gonadotropin complex
14128,14128,Narcolepsy
14136,14136,protein localization to perinuclear region of cytoplasm
14154,14154,Vertebrobasilar insufficiency
14182,14182,Inhibition of Signaling by Overexpressed EGFR
14193,14193,regulation of canonical Wnt signaling pathway involved in cardiac muscle cell fate commitment
14200,14200,Secondary anemia
14202,14202,ARF4P4
14261,14261,Fosfomycin
14267,14267,ocular cancer
14269,14269,cellular response to misfolded protein
14272,14272,superior olivary nucleus development
14278,14278,Stearic acid
14283,14283,Vascular occlusion
14289,14289,ARPC3P2
14292,14292,SA node cell to atrial cardiac muscle cell communication by electrical coupling
14313,14313,regulation of cellular senescence
14318,14318,ARC18
14329,14329,ARO1
14354,14354,heart morphogenesis
14371,14371,paraxial mesoderm morphogenesis
14401,14401,negative regulation of vascular endothelial cell proliferation
14407,14407,SCARF1
14412,14412,Juvenile idiopathic arthritis
14416,14416,Argatroban
14433,14433,regulation of vascular wound healing
14446,14446,MARK2P13
14457,14457,oligosaccharide transmembrane transporter activity
14483,14483,positive regulation of transcription from RNA polymerase II promoter involved in heart development
14493,14493,negative regulation of low-density lipoprotein particle receptor catabolic process
14504,14504,Breast pain female
14514,14514,cellular response to estrogen stimulus
14551,14551,ARH1
14559,14559,arsonoacetate metabolic process
14563,14563,ARRDC3
14590,14590,nucleolar ribonuclease P complex
14600,14600,YARS2
14642,14642,SNAR-G2
14662,14662,Defective CSF2RB causes pulmonary surfactant metabolism dysfunction 5 (SMDP5)
14665,14665,Estrogen-stimulated signaling through PRKCZ
14703,14703,Nocardiosis
14722,14722,regulation of proteolysis involved in cellular protein catabolic process
14733,14733,Ocular hypertension
14809,14809,Pulmonary microemboli
14910,14910,Constitutive Signaling by Ligand-Responsive EGFR Cancer Variants
14911,14911,Lincomycin
14914,14914,RAS signaling downstream of NF1 loss-of-function variants
14938,14938,Tearfulness
14954,14954,paranode region of axon
14972,14972,Estrogen Receptor Pathway
14974,14974,regulation of systemic arterial blood pressure by renin-angiotensin
14976,14976,cellular response to nitrogen starvation
14995,14995,"Diarrhea, Infantile"
14996,14996,BARX1-DT
14998,14998,branching involved in mammary gland duct morphogenesis
15040,15040,Cardiac pain
15054,15054,Laryngopharyngitis
15063,15063,nuclear origin of replication recognition complex
15071,15071,Hh mutants that don't undergo autocatalytic processing are degraded by ERAD
15089,15089,plasma lipoprotein particle clearance
15092,15092,Vascular insufficiency
15126,15126,Potassium bicarbonate
15134,15134,multicellular organismal reproductive process
15142,15142,ARHGAP10
15148,15148,CARD11
15154,15154,ART5
15163,15163,Hydroxyprogesterone caproate
15202,15202,inner ear morphogenesis
15213,15213,large ribosomal subunit rRNA binding
15214,15214,CoA carboxylase activity
15234,15234,cardiac cell fate determination
15246,15246,response to ionomycin
15267,15267,eukaryotic translation initiation factor 3 complex
15302,15302,positive regulation of mitotic sister chromatid separation
15336,15336,armadillo repeat domain binding
15356,15356,RNF150
15372,15372,semicircular canal development
15432,15432,ARF3
15451,15451,EPHA2 forward signaling
15458,15458,MAP3K14
15510,15510,nuclear-transcribed mRNA poly(A) tail shortening
15519,15519,Postinfarction angina
15523,15523,Oedema due to cardiac disease
15539,15539,"carbon-nitrogen ligase activity, with glutamine as amido-N-donor"
15556,15556,ARHGAP5-AS1
15557,15557,response to extracellular stimulus
15559,15559,regulation of atrial cardiac muscle cell action potential
15575,15575,Cerebrovascular infarction
15583,15583,Regulation of lipid metabolism by Peroxisome proliferator-activated receptor alpha (PPARalpha)
15596,15596,Caramiphen
15597,15597,Ventricular septal defect
15638,15638,Spastic paralysis
15646,15646,Testicular atrophy
15671,15671,epithelial cell proliferation involved in mammary gland duct elongation
15718,15718,HDL clearance
15721,15721,positive regulation of voltage-gated potassium channel activity involved in ventricular cardiac muscle cell action potential repolarization
15742,15742,cellular response to osmotic stress
15744,15744,Breast enlargement
15762,15762,Alveolar proteinosis
15808,15808,carotene metabolic process
15814,15814,positive regulation of establishment of T cell polarity
15822,15822,TP53 Network
15872,15872,Biliary tract disorder
15887,15887,cellular response to interferon-gamma
15895,15895,Cdh1
15909,15909,Fibroadenoma of breast
15930,15930,ARO7
15943,15943,positive regulation of cellular carbohydrate metabolic process
15955,15955,Bronchioloalveolar carcinoma
15962,15962,ZNF12
15971,15971,NNF1
15975,15975,negative regulation of cardiac muscle myoblast proliferation
16026,16026,ARO8
16044,16044,LARP1BP2
16070,16070,cardiac Troponin complex
16082,16082,ARRDC1-AS1
16094,16094,TOGARAM2
16103,16103,response to carbohydrate
16120,16120,ARSG
16138,16138,glutamate decarboxylation to succinate
16139,16139,Paraesthesia hand
16153,16153,Tubocurarine
16157,16157,Myocardial ischaemia
16168,16168,ARFGEF1
16170,16170,Carboplatin
16178,16178,positive regulation of endoplasmic reticulum tubular network organization
16186,16186,Pulmonary eosinophilia
16215,16215,ARG2
16217,16217,vitamin-K-epoxide reductase (warfarin-sensitive) activity
16220,16220,Cholinergic Muscarinic Antagonists
16244,16244,nuclear periphery
16280,16280,Application site warmth
16292,16292,RNF14
16305,16305,CARMN
16306,16306,nucleotide-sugar metabolic process
16307,16307,Congestive cardiomyopathy
16324,16324,Carcinoid tumour
16336,16336,aspartic-type endopeptidase activity
16342,16342,Electrocardiogram T wave amplitude decreased
16345,16345,Parachlorophenol
16360,16360,PART1
16374,16374,TP53 Regulates Transcription of Caspase Activators and Caspases
16387,16387,establishment of body hair or bristle planar orientation
16412,16412,TARDBPP1
16414,16414,chromosome movement towards spindle pole
16417,16417,Regulation of PTEN localization
16418,16418,cerebellar Purkinje cell layer formation
16423,16423,establishment of skin barrier
16456,16456,TP53TG3
16500,16500,RUNX3 regulates p14-ARF
16509,16509,ARHGDIG
16516,16516,ZNF195
16534,16534,Tachycardia nervous
16535,16535,cellular response to Thyroglobulin triiodothyronine
16580,16580,Non-cardiac chest pain
16624,16624,RNF103
16697,16697,RARRES2
16711,16711,Venous pressure jugular increased
16712,16712,Female sexual arousal disorder
16732,16732,AARD
16733,16733,Blepharitis allergic
16737,16737,nuclear body organization
16742,16742,regulation of carbohydrate biosynthetic process
16779,16779,age related macular degeneration
16785,16785,Pharmacokinetic interaction
16820,16820,positive regulation of extracellular matrix organization
16872,16872,Cerebellar infarction
16879,16879,cellular response to dsDNA
16892,16892,"regulation of molecular function, epigenetic"
16911,16911,Myocardial infarction
16913,16913,Septic arthritis streptobacillus
16931,16931,ARPC1A
16963,16963,cargo loading into vesicle
16984,16984,SCAR complex
16985,16985,PICART1
16988,16988,larynx cancer
17029,17029,response to fluid shear stress
17045,17045,meiotic chromosome separation
17058,17058,establishment of blood-brain barrier
17062,17062,regulation of systemic arterial blood pressure by carotid sinus baroreceptor feedback
17073,17073,"Hearing Loss, Functional"
17084,17084,Transport of nucleotide sugars
17107,17107,Atypical mycobacterial infection
17152,17152,parathyroid gland development
17241,17241,ARF4P2
17242,17242,retinal bipolar neuron differentiation
17258,17258,supramolecular polymer
17273,17273,lipopolysaccharide binding
17284,17284,Carotid artery occlusion
17286,17286,ZNF185
17298,17298,Aspartate aminotransferase increased
17363,17363,ARAFP2
17366,17366,RNF165
17391,17391,positive regulation of proteasomal ubiquitin-dependent protein catabolic process involved in cellular response to hypoxia
17397,17397,regulation of intraciliary retrograde transport
17406,17406,salivary gland development
17434,17434,tRNA threonylcarbamoyladenosine metabolic process
17463,17463,CARD19
17506,17506,regulation of relaxation of cardiac muscle
17539,17539,regulation of mitotic centrosome separation
17582,17582,positive regulation of protein targeting to mitochondrion
17588,17588,dolichyl-diphosphooligosaccharide-protein glycotransferase activity
17633,17633,lateral part of cell
17658,17658,Estrogen-dependent nuclear events downstream of ESR-membrane signaling
17693,17693,PWAR4
17710,17710,intracellular protein transmembrane transport
17724,17724,Breast atrophy
17728,17728,MARCKSL1P1
17735,17735,"extracellular matrix constituent, lubricant activity"
17745,17745,Intraventricular haemorrhage
17764,17764,secondary heart field specification
17773,17773,positive regulation of cardiac muscle hypertrophy
17779,17779,regulation of heart morphogenesis
17783,17783,Polymorphonuclear leukocytosis
17786,17786,vascular smooth muscle cell development
17826,17826,Arthropod sting
17832,17832,glomerular mesangial cell differentiation
17858,17858,extracellular vesicle biogenesis
17886,17886,TP53TG3E
17904,17904,malate dehydrogenase (decarboxylating) (NADP+) activity
17937,17937,cartilage tissue
17940,17940,ZNF165
17976,17976,positive regulation of low-density lipoprotein particle clearance
18014,18014,Heart sounds abnormal
18015,18015,very-low-density lipoprotein particle clearance
18074,18074,Ear discomfort
18082,18082,Cellular roles of Anthrax toxin
18095,18095,negative regulation of meiotic nuclear division
18103,18103,negative regulation of cardiac muscle tissue growth
18108,18108,Armodafinil
18142,18142,ARGLU1
18175,18175,Auricular swelling
18180,18180,positive regulation of behavioral fear response
18183,18183,CCKAR
18218,18218,ARHGEF11
18279,18279,cellular response to hypoxia
18281,18281,lipoprotein particle receptor activity
18363,18363,Livedo reticularis
18389,18389,secondary active monocarboxylate transmembrane transporter activity
18397,18397,3-oxo-arachidoyl-CoA synthase activity
18412,18412,negative regulation of lipoprotein particle clearance
18420,18420,starch binding
18436,18436,multicellular organismal iron ion homeostasis
18519,18519,ARRB2
18528,18528,morphogenesis of a polarized epithelium
18539,18539,regulation of atrial cardiac muscle cell membrane depolarization
18555,18555,MARCKSL1
18560,18560,Calcium Regulation in the Cardiac Cell
18565,18565,oxaloacetate decarboxylase activity
18577,18577,Cerebral arteritis
18622,18622,Aspartate aminotransferase normal
18624,18624,Validated transcriptional targets of deltaNp63 isoforms
18635,18635,parotid gland
18660,18660,Papulopustular rash
18667,18667,ARPIN-AP3S2
18671,18671,ZNF123P
18683,18683,cellular response to ionomycin
18688,18688,regulation of systemic arterial blood pressure by hormone
18689,18689,nuclear pore nuclear basket
18764,18764,PARP4
18806,18806,ARL2-SNX15
18814,18814,cerebellar granule cell precursor proliferation
18825,18825,Carpal tunnel syndrome
18839,18839,MAP3K1
18897,18897,paraxial mesoderm formation
18919,18919,endoplasmic reticulum tubular network formation
18945,18945,arachidonic acid binding
18960,18960,Beta carotene
18992,18992,Ovarian carcinoma
19009,19009,Neurotransmitter clearance
19021,19021,Eukaryotic Translation Termination
19042,19042,sarcoplasm
19057,19057,endoplasmic reticulum tubular network membrane organization
19065,19065,TP53 Regulates Transcription of Genes Involved in G2 Cell Cycle Arrest
19070,19070,Vascular dementia
19096,19096,inferior mesenteric artery
19112,19112,SNAR-G1
19137,19137,MYC
19160,19160,forebrain ventricular zone progenitor cell division
19164,19164,mammary placode formation
19167,19167,Arbutamine
19193,19193,LARS2
19245,19245,NAR1
19256,19256,Fludarabine
19276,19276,cellular response to peptide
19277,19277,secondary active transmembrane transporter activity
19327,19327,Pirlimycin
19334,19334,nuclear receptor transcription coactivator activity
19348,19348,positive regulation of transcription of nucleolar large rRNA by RNA polymerase I
19362,19362,ARFGAP2
19388,19388,ARPC4
19400,19400,regulation of cellular ketone metabolic process
19401,19401,negative regulation of chromosome separation
19421,19421,ZNF19
19431,19431,cellular response to vascular endothelial growth factor stimulus
19434,19434,Cardio-respiratory distress
19473,19473,Cardiac tamponade
19546,19546,cellular response to UV-C
19568,19568,ARV1
19571,19571,arginine catabolic process
19580,19580,SCARNA26A
19598,19598,MARS1
19635,19635,SCARNA17
19643,19643,PARVA
19648,19648,ARG1
19655,19655,SNF12
19715,19715,ARMCX4
19731,19731,tear secretion
19789,19789,positive regulation of cardiac muscle adaptation
19795,19795,GAR1
19822,19822,branch elongation involved in salivary gland morphogenesis
19852,19852,polysaccharide digestion
19855,19855,Antinuclear antibody increased
19875,19875,"vesicle targeting, trans-Golgi to endosome"
19886,19886,nuclear retention of pre-mRNA with aberrant 3'-ends at the site of transcription
19890,19890,monocarboxylic acid transport
19930,19930,Estrogen metabolism
19944,19944,Ocular stinging
19975,19975,Nuclear Receptors
20041,20041,Intracellular oxygen transport
20053,20053,cellular response to oxygen-glucose deprivation
20121,20121,"primary sex determination, germ-line"
20130,20130,"peptidyl-arginine methylation, to asymmetrical-dimethyl arginine"
20151,20151,ubiquitin-independent protein catabolic process via the multivesicular body sorting pathway
20162,20162,development of primary male sexual characteristics
20174,20174,Aspartic acid
20213,20213,BMERB1
20232,20232,asparagine biosynthetic process
20236,20236,Neurophilin interactions with VEGF and VEGFR
20250,20250,CARS1
20272,20272,Methocarbamol
20301,20301,Hearing Disorders
20304,20304,ovarian cancer
20305,20305,"multivesicular body, internal vesicle"
20314,20314,VARS1
20318,20318,middle ear morphogenesis
20320,20320,cardial valve
20346,20346,ARHGEF3
20387,20387,Decarboxylase Inhibitors
20418,20418,SNAR-A12
20466,20466,PARS2
20473,20473,cellular response to increased oxygen levels
20479,20479,FOXC1
20501,20501,RARB-AS1
20509,20509,PRB1
20579,20579,preantral ovarian follicle growth
20597,20597,PYCARD
20599,20599,Validated transcriptional targets of TAp63 isoforms
20614,20614,multi-organism cellular process
20620,20620,regulation of adenylate cyclase-inhibiting adrenergic receptor signaling pathway involved in heart process
20632,20632,cellular response to corticosterone stimulus
20643,20643,Electrocardiogram ST segment elevation
20656,20656,SMARCE1P4
20707,20707,Infection parasitic
20740,20740,Pulmonary hypoplasia
20742,20742,RARRES2P1
20746,20746,norepinephrine-epinephrine-mediated vasodilation involved in regulation of systemic arterial blood pressure
20787,20787,"positive regulation of nuclear-transcribed mRNA catabolic process, deadenylation-dependent decay"
20819,20819,Prostate carcinoma
20827,20827,outer dynein arm
20837,20837,detection of monosaccharide stimulus
20844,20844,"Urinary Bladder, Overactive"
20856,20856,protein-arginine omega-N asymmetric methyltransferase activity
20870,20870,cellular response to fructose stimulus
20876,20876,positive regulation of intracellular transport
20881,20881,cellular response to purine-containing compound
20913,20913,HNF1A-AS1
20947,20947,AAR2
20955,20955,Cystoid macular oedema
20964,20964,MARCHF1
20972,20972,regulation of membrane repolarization during action potential
21024,21024,Coronary artery disease aggravated
21046,21046,extracellular matrix protein binding
21059,21059,Clarithromycin
21094,21094,"mannosyl-oligosaccharide 1,2-alpha-mannosidase activity"
21099,21099,positive regulation of vascular smooth muscle cell differentiation involved in phenotypic switching
21104,21104,"Angina Pectoris, Variant"
21114,21114,positive regulation of cell cycle arrest
21139,21139,negative regulation of protein targeting to mitochondrion
21145,21145,triglyceride-rich lipoprotein particle clearance
21152,21152,negative regulation of low-density lipoprotein particle receptor biosynthetic process
21153,21153,beta-aspartyl-peptidase activity
21162,21162,Brain infarction
21171,21171,heart growth
21183,21183,Varices oesophageal
21237,21237,cellular alcohol metabolic process
21258,21258,cartilage development
21264,21264,ARHGEF18
21279,21279,late endosome to vacuole transport via multivesicular body sorting pathway
21285,21285,Paralysis of bladder
21314,21314,Regulation of TP53 Expression
21318,21318,regulation of transcription from RNA polymerase II promoter involved in heart development
21359,21359,response to arsenic-containing substance
21364,21364,RNF181
21380,21380,synapse part
21398,21398,protein targeting to vacuole involved in autophagy
21415,21415,cellular response to reactive nitrogen species
21459,21459,Dilatation ventricular
21460,21460,mammary gland branching involved in pregnancy
21463,21463,Common wart
21499,21499,cellular response to sorbitol
21504,21504,proteasome regulatory particle assembly
21552,21552,protein targeting to lysosome involved in chaperone-mediated autophagy
21589,21589,CATMANS
21621,21621,negative regulation of protein processing involved in protein targeting to mitochondrion
21639,21639,"oxidoreductase activity, acting on paired donors, with incorporation or reduction of molecular oxygen, reduced ascorbate as one donor, and incorporation of one atom of oxygen"
21653,21653,nuclear pore inner ring
21660,21660,negative regulation of vascular smooth muscle cell proliferation
21677,21677,Regulation of nuclear SMAD2/3 signaling
21685,21685,GABARAPL1
21693,21693,Vidarabine
21722,21722,SCARNA8
21723,21723,Regulation of TP53 Activity through Acetylation
21756,21756,GABARAP
21768,21768,Procarbazine
21797,21797,cellular response to cGMP
21850,21850,AKT phosphorylates targets in the cytosol
21865,21865,MYCLP2
21903,21903,nuclear RNA-directed RNA polymerase complex
21911,21911,otolithic part of statoconial membrane
21926,21926,imitative learning
21962,21962,regulation of heart contraction
21969,21969,KLRB1
22022,22022,carbon catabolite regulation of transcription from RNA polymerase II promoter
22032,22032,lamellar body membrane
22035,22035,cell part morphogenesis
22044,22044,regulation of establishment of planar polarity
22058,22058,Electrocardiogram QT corrected interval prolonged
22103,22103,Ear pruritus
22106,22106,Carbocromen
22109,22109,negative regulation of cell cycle arrest
22116,22116,endoplasmic reticulum quality control compartment
22130,22130,Cardiomyopathy
22150,22150,Barrett's esophagus
22154,22154,tertiary alcohol biosynthetic process
22158,22158,estrogen response element binding
22164,22164,ARHGAP36
22167,22167,NRARP
22169,22169,ear development
22182,22182,SAR1AP4
22200,22200,intracellular sterol transport
22201,22201,RNF145
22232,22232,Parecoxib
22341,22341,ARL5AP1
22342,22342,SMARCA4
22368,22368,Hepatocellular carcinoma
22385,22385,MARVELD2
22396,22396,RNF113B
22399,22399,Erythromycin
22410,22410,cardiolipin binding
22419,22419,very-low-density lipoprotein particle receptor binding
22425,22425,cardiac muscle adaptation
22450,22450,perinuclear endoplasmic reticulum membrane
22492,22492,ARHGAP39
22509,22509,NF1P3
22512,22512,intraciliary transport particle B
22513,22513,negative regulation of cardiac muscle adaptation
22532,22532,Adenocarcinoma pancreas
22546,22546,regulation of polarized epithelial cell differentiation
22571,22571,host cell cytoplasm part
22578,22578,membrane raft polarization
22630,22630,Cardiac failure acute
22643,22643,low-density lipoprotein particle clearance
22679,22679,Vascular resistance
22747,22747,preganglionic parasympathetic fiber development
22755,22755,L-arginine transmembrane transport
22784,22784,ARCN1
22786,22786,cell migration involved in heart formation
22794,22794,ZNF131
22805,22805,pharynx development
22818,22818,cellular response to water stimulus
22829,22829,Squamous cell carcinoma of skin
22830,22830,PARD6G-AS1
22853,22853,HER2
22854,22854,symbiont intracellular protein transport in host
22879,22879,planar cell polarity pathway involved in gastrula mediolateral intercalation
22895,22895,ERK/MAPK targets
22901,22901,GATM
22903,22903,multicellular organism reproduction
22929,22929,PARK3
22940,22940,MARCHF4
22946,22946,Arterial thromboembolism
22952,22952,ARHGEF7-AS2
22956,22956,Splenic infarction
22978,22978,negative regulation of cardiocyte differentiation
22989,22989,ARI1
22990,22990,Linear IgA disease
22997,22997,Biosynthesis of maresins
23008,23008,Growth retardation
23018,23018,lipopolysaccharide-mediated signaling pathway
23038,23038,cellular response to vitamin E
23051,23051,TARP
23059,23059,cellular senescence
23099,23099,TP53TG3D
23115,23115,extracellular matrix organization
23136,23136,ATM pathway
23148,23148,Swollen arm
23158,23158,vestibular nuclear complex
23166,23166,anatomical structure arrangement
23198,23198,cellular response to glucose starvation
23240,23240,cellular response to stem cell factor stimulus
23244,23244,cardiac muscle cell apoptotic process
23268,23268,Carglumic acid
23272,23272,arginine-tRNA ligase activity
23315,23315,regulation of cellular catabolic process
23319,23319,Arthritis infective
23326,23326,middle cerebral artery
23332,23332,regulation of L-arginine import
23363,23363,ERBB2
23375,23375,inner cell mass cellular morphogenesis
23389,23389,RNF186
23398,23398,fibroblast growth factor receptor signaling pathway involved in mammary gland specification
23400,23400,Electrocardiogram QT corrected interval
23447,23447,MARK2
23453,23453,positive regulation of blood microparticle formation
23484,23484,regulation of the force of heart contraction by cardiac conduction
23494,23494,condensed nuclear chromosome inner kinetochore
23503,23503,SRP-dependent cotranslational protein targeting to membrane
23593,23593,Arteriosclerotic retinopathy
23603,23603,MAP3K13
23607,23607,endocardial cushion development
23610,23610,Peridiverticular abscess
23640,23640,pituitary gland development
23650,23650,glossopharyngeal nerve development
23654,23654,Left ventricular ejection fraction decreased
23676,23676,cellular response to mycotoxin
23706,23706,Heartburn
23717,23717,canalicular bile acid transport
23781,23781,Shc-EGFR complex
23806,23806,atrioventricular valve development
23827,23827,parallel actin filament bundle assembly
23840,23840,C4-dicarboxylate transport
23842,23842,plasma lipoprotein particle
23862,23862,cellular response to sterol
23900,23900,oxoglutarate dehydrogenase (succinyl-transferring) activity
23905,23905,PWAR6
23906,23906,carboxypeptidase activity
23910,23910,positive regulation of cellular response to oxidative stress
23921,23921,SNAR-A6
23952,23952,Scar
23979,23979,progesterone receptor binding
23980,23980,intramolecular oxidoreductase activity
24013,24013,brachial artery
24015,24015,host intracellular organelle
24019,24019,perinucleolar chromocenter
24049,24049,VIth nerve paralysis
24051,24051,CARF
24055,24055,Ocular discomfort
24084,24084,disaccharide biosynthetic process
24095,24095,NF1P11
24102,24102,negative regulation of cardiac muscle contraction
24112,24112,Post lumbar puncture syndrome
24133,24133,inorganic molecular entity transmembrane transporter activity
24145,24145,Ear buzzing
24165,24165,"ligase activity, forming carbon-oxygen bonds"
24199,24199,protein targeting to peroxisome
24205,24205,cellular response to reactive oxygen species
24213,24213,cellular chemical homeostasis
24218,24218,Arsanilic acid
24226,24226,Framycetin
24243,24243,PAR1-mediated thrombin signaling events
24246,24246,Sepsis secondary
24265,24265,ductus arteriosus closure
24275,24275,MARK2P4
24290,24290,nuclear cell cycle DNA replication initiation
24292,24292,mitotic centrosome separation
24304,24304,ARPIN
24320,24320,ARSDP1
24347,24347,LYARP1
24352,24352,embryonic heart tube anterior/posterior pattern specification
24384,24384,carbon dioxide transmembrane transport
24402,24402,Respiratory paralysis
24429,24429,Distearyldimonium
24447,24447,vascular endothelial growth factor receptor binding
24471,24471,ARRDC5
24501,24501,ciliary body morphogenesis
24535,24535,Localization of the PINCH-ILK-PARVIN complex to focal adhesions
24537,24537,outer ear morphogenesis
24562,24562,positive regulation of intracellular mRNA localization
24567,24567,establishment of lymphocyte polarity
24586,24586,Laryngeal cancer
24598,24598,negative regulation of cellular amine metabolic process
24603,24603,PARK16
24634,24634,cellular response to leukemia inhibitory factor
24657,24657,oligosaccharide metabolic process
24665,24665,TP53BP2
24688,24688,cellular response to topologically incorrect protein
24738,24738,Tachycardia
24741,24741,nuclear pore complex assembly
24756,24756,regulation of cardiac conduction
24764,24764,KCNF1
24787,24787,ARF1P3
24793,24793,RNF11P2
24815,24815,negative regulation of heart contraction
24819,24819,Carpo-pedal spasm
24824,24824,cellular response to hexose stimulus
24840,24840,ZNF142
24852,24852,RNF182
24866,24866,"Cardiac Output, High"
24875,24875,discoidal high-density lipoprotein particle
24891,24891,mammary gland duct morphogenesis
24898,24898,Articulation Disorders
24916,24916,Hearing impaired
24943,24943,"Hearing Loss, Sensorineural"
24950,24950,RNF185-AS1
24951,24951,cellular response to metal ion
24953,24953,ARL5C
24956,24956,carnitine transmembrane transporter activity
24987,24987,ARF1
25000,25000,histone arginine methylation
25014,25014,SMARCE1P2
25015,25015,SPARC
25032,25032,FARP2
25054,25054,PARTICL
25056,25056,carotene catabolic process
25059,25059,SNAR-E
25062,25062,Neuromuscular block prolonged
25110,25110,Large intestine polyp
25115,25115,ARPP21-AS1
25124,25124,polysaccharide catabolic process
25130,25130,regulation of polysaccharide biosynthetic process
25163,25163,trabecular meshwork development
25180,25180,Basilar artery syndrome
25209,25209,DNA Damage Response (only ATM dependent)
25225,25225,positive regulation of early endosome to late endosome transport
25231,25231,RNF167
25233,25233,Erythema annulare
25254,25254,MARK2P1
25281,25281,Vaginal discharge
25286,25286,cargo receptor activity
25293,25293,inward rectifier potassium channel activity
25321,25321,site of polarized growth
25337,25337,ARAP3
25342,25342,ARHGAP19-SLIT1
25356,25356,ARHGAP18
25418,25418,axon part
25428,25428,Antibiotic-associated diarrhea
25455,25455,lobar bronchus epithelium development
25478,25478,"Supranuclear Palsy, Progressive"
25485,25485,Interactions of Tat with host cellular proteins
25492,25492,ARHGAP4
25514,25514,"oxidoreductase activity, acting on paired donors, with incorporation or reduction of molecular oxygen, reduced pteridine as one donor, and incorporation of one atom of oxygen"
25517,25517,positive regulation of cardiac muscle cell apoptotic process
25525,25525,ZNF181
25528,25528,cardiac neural crest cell differentiation involved in heart development
25531,25531,membrane depolarization during SA node cell action potential
25558,25558,metanephric glomerular mesangial cell differentiation
25566,25566,halogenated hydrocarbon metabolic process
25587,25587,PRR5-ARHGAP8
25594,25594,Pituitary adenoma
25601,25601,Clara cell differentiation
25612,25612,"positive regulation of Wnt signaling pathway, planar cell polarity pathway"
25620,25620,Parathyroid disorder
25650,25650,regulation of very-low-density lipoprotein particle clearance
25658,25658,Primary graft dysfunction
25662,25662,Pituitary apoplexy
25666,25666,norepinephrine-epinephrine vasoconstriction involved in regulation of systemic arterial blood pressure
25749,25749,ARFGAP3
25750,25750,glandular epithelial cell maturation
25754,25754,telomere tethering at nuclear periphery
25774,25774,SMARCE1
25780,25780,Tobramycin
25783,25783,heart valve formation
25799,25799,Polyarthropathy
25846,25846,female meiosis chromosome separation
25850,25850,Asparagine
25870,25870,cardiac muscle cell differentiation
25918,25918,cysteine-type carboxypeptidase activity
25929,25929,Regulation of nuclear beta catenin signaling and target gene transcription
25952,25952,ARTN
25955,25955,Mental retardation
25956,25956,positive regulation of cerebellar granule cell precursor proliferation
25975,25975,Pharyngeal disorder
25990,25990,sequestering of TGFbeta in extracellular matrix
26027,26027,ARHGAP45
26062,26062,"Hearing Loss, Unilateral"
26152,26152,regulation of cellular response to hypoxia
26162,26162,PPARGC1B
26172,26172,reduction of food intake in response to dietary excess
26177,26177,cellular response to interleukin-13
26215,26215,RPGR
26261,26261,ARF4P1
26267,26267,regulation of cardiac muscle cell proliferation
26269,26269,ZNF177
26291,26291,Arthritic pains
26292,26292,BCAR1P1
26295,26295,farnesol metabolic process
26323,26323,pulmonary vein
26327,26327,multi-organism intracellular transport
26351,26351,Electrocardiogram ST segment abnormal
26418,26418,urinary bladder development
26425,26425,cell division site part
26430,26430,Dysarthria
26436,26436,positive regulation of protein localization to early endosome
26437,26437,Pharyngeal lesion
26457,26457,ZNF1
26469,26469,Marbofloxacin
26472,26472,Acenocoumarol
26506,26506,inhibitory extracellular ligand-gated ion channel activity
26542,26542,protein localization to nuclear envelope
26550,26550,SMARCE1P6
26552,26552,regulation of systemic arterial blood pressure by atrial natriuretic peptide
26557,26557,Cataract
26568,26568,positive regulation of transcription of Notch receptor target
26588,26588,nuclear protein quality control by the ubiquitin-proteasome system
26608,26608,cellular response to L-glutamine
26620,26620,HCAR3
26641,26641,Renal artery stenosis
26643,26643,nuclear division
26662,26662,ARL1
26663,26663,cellular response to organic cyclic compound
26671,26671,Cardioactive drug level increased
26682,26682,ARPC5L
26690,26690,response to lipoprotein particle
26694,26694,regulation of extracellular exosome assembly
26696,26696,Eukaryotic Transcription Initiation
26732,26732,cellular response to testosterone stimulus
26749,26749,Cardiac amyloidosis
26751,26751,suppression by virus of host molecular function
26754,26754,sarcoglycan complex
26771,26771,establishment of endothelial barrier
26774,26774,RNF175
26784,26784,Endocarditis
26815,26815,Lacunar infarction
26850,26850,Butabarbital
26858,26858,ciliary neurotrophic factor receptor binding
26865,26865,Diarrhea
26890,26890,carbohydrate phosphorylation
26932,26932,branch elongation involved in mammary gland duct branching
26935,26935,regulation of lipopolysaccharide-mediated signaling pathway
26950,26950,CARS2
26952,26952,ARNTL2
27012,27012,multi-organism cellular localization
27022,27022,cerebellar granule cell differentiation
27029,27029,cell-cell signaling involved in cardiac conduction
27040,27040,Amiodarone
27061,27061,response to arsenite ion
27067,27067,contractile fiber part
27075,27075,KARS1P3
27076,27076,arachidonic acid metabolic process
27079,27079,PGR
27086,27086,Bartholin's cyst
27129,27129,URB1-AS1
27163,27163,fumarate reductase complex
27211,27211,RNF123
27215,27215,Imidocarb
27255,27255,Periarthritis
27260,27260,regulation of vascular smooth muscle cell proliferation
27284,27284,"base-excision repair, base-free sugar-phosphate removal"
27356,27356,GRB7 events in ERBB2 signaling
27380,27380,hard palate morphogenesis
27385,27385,Egfr
27406,27406,nuclear export signal receptor activity
27421,27421,perinucleolar compartment
27436,27436,cellular response to actinomycin D
27488,27488,negative regulation of vacuolar transport
27509,27509,regulation of leukocyte adhesion to arterial endothelial cell
27520,27520,ARL1
27564,27564,L-alanine:2-oxoglutarate aminotransferase activity
27583,27583,SMARCAD1
27592,27592,intracellular pH reduction
27593,27593,Parosmia
27601,27601,supramolecular fiber organization
27658,27658,ARHGEF9
27671,27671,positive regulation of vascular endothelial growth factor production
27687,27687,narrow pore channel activity
27712,27712,Myocarditis
27722,27722,regulation of membrane repolarization during cardiac muscle cell action potential
27745,27745,intracellular receptor signaling pathway
27749,27749,nuclear pore outer ring
27777,27777,axonemal central apparatus
27798,27798,dicarboxylic acid transmembrane transporter activity
27800,27800,ARHGEF1
27834,27834,positive regulation of low-density lipoprotein particle receptor binding
27838,27838,Pulmonary mass
27845,27845,heparan sulfate sulfotransferase activity
27854,27854,Salivary gland swelling
27858,27858,pericentriolar material
27861,27861,Progesterone levels
27904,27904,vestibulocochlear nerve formation
27914,27914,development of secondary sexual characteristics
27991,27991,cochlear duct of membranous labyrinth
28052,28052,Calculus urinary
28069,28069,Arformoterol
28075,28075,VLDL clearance
28088,28088,Endometrial adenocarcinoma
28133,28133,regulation of cellular amine catabolic process
28173,28173,Electrocardiogram QRS complex prolonged
28182,28182,organellar small ribosomal subunit
28186,28186,GRB10
28188,28188,CRB1
28189,28189,Pentobarbital
28210,28210,Cardiac flutter
28216,28216,LUNAR1
28227,28227,ARRDC4
28230,28230,Cardio-respiratory arrest
28274,28274,ciliary tip
28286,28286,regulation of heart growth
28297,28297,cardiac muscle hypertrophy
28319,28319,TP53TG5
28324,28324,signal recognition particle
28340,28340,polycystic ovary syndrome
28343,28343,semicircular canal morphogenesis
28357,28357,nuclear envelope reassembly
28364,28364,ARHGAP31-AS1
28386,28386,quaternary ammonium group binding
28393,28393,regulation of cellular localization
28415,28415,extracellular matrix component
28421,28421,cardiac cell development
28437,28437,"postsynaptic specialization, intracellular component"
28459,28459,Fanconi anaemia nuclear complex
28465,28465,tripartite regional subdivision
28494,28494,Progesterone
28510,28510,Conjunctivitis papillary
28615,28615,ARFGEF2
28627,28627,STARD8
28635,28635,TP53TG3C
28636,28636,LKAAEAR1
28655,28655,regulation of vascular endothelial cell proliferation
28665,28665,PRKAR2A-AS1
28686,28686,positive regulation of arachidonic acid secretion
28721,28721,mitochondrial large ribosomal subunit assembly
28737,28737,Salinomycin
28742,28742,vertebral artery
28745,28745,CARTPT
28780,28780,Plicamycin
28786,28786,ARP5
28801,28801,cardiac muscle thin filament assembly
28814,28814,cellular response to laminar fluid shear stress
28824,28824,extracellular regulation of signal transduction
28865,28865,planar cell polarity pathway involved in axon guidance
28875,28875,regulation of meiotic chromosome separation
28932,28932,MAP3K14-AS1
28934,28934,extracellularly glutamate-gated ion channel activity
28946,28946,regulation of vascular endothelial growth factor receptor signaling pathway
28969,28969,Acute pulmonary oedema
28971,28971,ARHI2
28991,28991,ARP2
28993,28993,vascular endothelial growth factor receptor-2 signaling pathway
29028,29028,Arthritis aggravated
29035,29035,negative regulation of neuromuscular junction development
29043,29043,ZAR1
29047,29047,cellular calcium ion homeostasis
29057,29057,Alanine and aspartate metabolism
29099,29099,Regulation of TP53 Activity through Methylation
29134,29134,Cutaneous sarcoidosis
29141,29141,SARS2
29148,29148,RARRES1
29159,29159,Levocarnitine
29167,29167,nuclear replisome
29214,29214,Breast pain male
29315,29315,inner ear receptor cell development
29328,29328,CARNMT1-AS1
29329,29329,membrane depolarization during cardiac muscle cell action potential
29336,29336,tricarboxylic acid cycle
29363,29363,Hyperparathyroidism secondary
29376,29376,Ovarian germ cell teratoma benign
29386,29386,cellular response to hormone stimulus
29417,29417,SCARNA21B
29423,29423,Laryngeal pain
29437,29437,Pargyline
29439,29439,cardiac right atrium morphogenesis
29448,29448,integral component of vacuolar membrane
29491,29491,Golgi Cisternae Pericentriolar Stack Reorganization
29553,29553,PARM1
29554,29554,RARRES2P9
29564,29564,TSNARE1
29602,29602,cellular amide metabolic process
29613,29613,cellular response to unfolded protein
29629,29629,RNF121
29635,29635,PARP8
29652,29652,negative regulation of cellular protein localization
29667,29667,sulfinoalanine decarboxylase activity
29685,29685,regulation of nuclear cell cycle DNA replication
29687,29687,low-density lipoprotein particle receptor binding
29706,29706,ZNF184
29738,29738,RNA nuclear export complex
29778,29778,cellular process involved in reproduction in multicellular organism
29811,29811,PARP1P2
29823,29823,ARHGEF25
29833,29833,RNF144A
29837,29837,intercellular canaliculus
29859,29859,Hepatobiliary disease
29907,29907,Osteoarthritis aggravated
29911,29911,AREL1
29913,29913,KARS1P1
29915,29915,microtubule organizing center part
29933,29933,ARHGEF7
29934,29934,L-arginine transport
29963,29963,Haemorrhagic ovarian cyst
29985,29985,cellular response to heparin
29987,29987,regulation of neurofibrillary tangle assembly
30009,30009,Hand and foot syndrome secondary to sickle cell anaemia
30031,30031,Brca2
30040,30040,primary amine oxidase activity
30043,30043,Benign Paroxysmal Positional Vertigo
30044,30044,SMAR
30045,30045,DARS-AS1
30048,30048,entry of viral genome into host nucleus through nuclear pore complex via importin
30051,30051,protein C-terminal carboxyl O-methyltransferase activity
30060,30060,protein targeting
30084,30084,Febrile bone marrow aplasia
30102,30102,primary palate development
30145,30145,Advanced breast cancer
30167,30167,MARCKSL1P2
30176,30176,Hereditary angioedema
30179,30179,ventricular septum development
30217,30217,peptidyl-aspartic acid hydroxylation
30232,30232,Bradycardia-tachycardia syndrome
30247,30247,ARHGEF12
30260,30260,mitotic sister chromatid separation
30264,30264,regulation of vascular smooth muscle contraction
30265,30265,ARGFXP1
30300,30300,Proton-coupled monocarboxylate transport
30308,30308,Non-cardiogenic pulmonary oedema
30330,30330,carbohydrate biosynthetic process
30333,30333,Zygomycosis
30389,30389,YRB1
30390,30390,protein localization to extracellular region
30392,30392,Spectinomycin
30393,30393,ARL16
30413,30413,cardiac chamber morphogenesis
30414,30414,positive regulation of cellular pH reduction
30417,30417,Blood osmolarity increased
30441,30441,Scotoma annular
30443,30443,Acute urticaria
30457,30457,Acetarsol
30490,30490,response to heparin
30492,30492,ZNF182
30508,30508,"hydrolase activity, acting on acid carbon-carbon bonds, in ketonic substances"
30517,30517,ARHGEF3-AS1
30519,30519,Subarachnoid haemorrhage
30526,30526,cellular response to monoamine stimulus
30529,30529,early phagosome
30532,30532,TARS2
30535,30535,cellular response to norepinephrine stimulus
30587,30587,coronary artery disease
30591,30591,Subacute endocarditis
30592,30592,Ventricular flutter
30619,30619,WARS2P1
30630,30630,tangential migration from the subventricular zone to the olfactory bulb
30651,30651,ornithine decarboxylase inhibitor activity
30662,30662,ventricular compact myocardium morphogenesis
30671,30671,ARL6
30689,30689,intracellular lipid transport
30740,30740,cellular transition metal ion homeostasis
30779,30779,regulation of intracellular mRNA localization
30817,30817,vacuolar protein processing
30832,30832,nuclear pore cytoplasmic filaments
30886,30886,ARHGAP40
30888,30888,BDKRB1
30895,30895,Paroxysmal ventricular tachycardia
30920,30920,intracellular pH elevation
30927,30927,pulmonary valve
30960,30960,Pulmonary thromboembolism
30986,30986,Traumatic arthropathy
31007,31007,ARRB1
31020,31020,secondary metabolite biosynthetic process
31048,31048,cellular modified amino acid metabolic process
31072,31072,Paracoccidioides infection
31079,31079,LARGE-IT1
31119,31119,prostate glandular acinus development
31143,31143,MARK3P3
31148,31148,nuclear membrane protein complex
31149,31149,Ribosomal scanning and start codon recognition
31157,31157,response to sodium arsenite
31158,31158,large ribosomal subunit
31166,31166,Breast Cancer Resistance Protein Inhibitors
31206,31206,membrane protein intracellular domain proteolysis
31213,31213,regulation of antibody-dependent cellular cytotoxicity
31227,31227,PARP1
31234,31234,cytoplasmic periphery of the nuclear pore complex
31247,31247,Hepatic angiosarcoma
31252,31252,positive regulation of neuron projection arborization
31276,31276,negative regulation of molecular function in other organism involved in symbiotic interaction
31293,31293,PARP9
31340,31340,regulation of parathyroid hormone secretion
31402,31402,Ferrous fumarate
31418,31418,regulation of plasma lipoprotein particle levels
31427,31427,CARM1
31441,31441,cellular response to molecule of bacterial origin
31442,31442,SNAR-A3
31457,31457,Pharyngeal mucositis
31460,31460,Mean arterial pressure decreased
31474,31474,positive regulation of cellular respiration
31522,31522,tRNA threonylcarbamoyladenosine modification
31541,31541,negative regulation of glycogen (starch) synthase activity
31561,31561,regulation of vascular smooth muscle cell differentiation
31571,31571,nuclear DNA replication
31615,31615,"negative regulation of nuclear-transcribed mRNA catabolic process, deadenylation-dependent decay"
31642,31642,carotenoid metabolic process
31652,31652,Blood bicarbonate
31664,31664,Heart racing
31665,31665,establishment or maintenance of epithelial cell apical/basal polarity
31697,31697,cellular response to UV-B
31699,31699,SNAR-A14
31705,31705,FCAR
31707,31707,regulation of systemic arterial blood pressure
31710,31710,negative regulation of cellular extravasation
31719,31719,HNF1B
31726,31726,negative regulation of epithelial to mesenchymal transition involved in endocardial cushion formation
31737,31737,STARD13-IT1
31762,31762,glossopharyngeal nerve
31806,31806,ciliary rootlet
31826,31826,ARHGAP27
31869,31869,ARPC5
31886,31886,meiotic attachment of telomere to nuclear envelope
31891,31891,Validated nuclear estrogen receptor alpha network
31913,31913,nuclear ubiquitin ligase complex
31928,31928,ARHGEF19-AS1
31957,31957,extrinsic component of vacuolar membrane
32041,32041,cardioblast differentiation
32068,32068,"nuclear-transcribed mRNA catabolic process, deadenylation-independent decay"
32084,32084,Ovarian haemorrhage
32091,32091,proepicardium development
32092,32092,MARK3
32107,32107,regulation of cellular amino acid metabolic process
32127,32127,SCARNA13
32139,32139,ventricular cardiac muscle tissue morphogenesis
32190,32190,cellular response to gonadotropin-releasing hormone
32202,32202,MARK2P5
32206,32206,CIBAR1P2
32214,32214,GABARAPL1-AS1
32218,32218,secondary palate
32221,32221,Sarecycline
32222,32222,Arf1 pathway
32232,32232,vacuolar transport
32242,32242,articular cartilage development
32248,32248,ARHGAP42-AS1
32268,32268,protein localization to ciliary membrane
32285,32285,muscular septum morphogenesis
32313,32313,Carbon dioxide decreased
32326,32326,OR5AR1
32402,32402,coronary vasculature development
32405,32405,negative regulation of extracellular matrix constituent secretion
32457,32457,Neuromuscular Nondepolarizing Blockade
32465,32465,lipopolysaccharide receptor activity
32486,32486,monocarboxylic acid binding
32521,32521,intracellular steroid hormone receptor signaling pathway
32528,32528,cardiac muscle hypertrophy in response to stress
32530,32530,estrogen receptor binding
32542,32542,inner ear auditory receptor cell differentiation
32553,32553,cellular monovalent inorganic cation homeostasis
32555,32555,Paroxetine
32560,32560,Secondary infection
32580,32580,Early Phase of HIV Life Cycle
32585,32585,Depolymerisation of the Nuclear Lamina
32590,32590,cellular response to dopamine
32596,32596,SHARPIN
32605,32605,regulation of cellular protein localization
32613,32613,Heart disease congenital
32649,32649,Biosynthesis of maresin-like SPMs
32653,32653,Parotid swelling
32661,32661,positive regulation of amyloid-beta clearance
32700,32700,Validated transcriptional targets of AP1 family members Fra1 and Fra2
32704,32704,cellular response to toxic substance
32746,32746,TP53AIP1
32751,32751,Breast cancer stage IV
32815,32815,arginyl-tRNA aminoacylation
32842,32842,cardiovascular system development
32854,32854,neutrophil clearance
32855,32855,Harderian gland development
32879,32879,intracellular ferritin complex
32881,32881,Pulmonary congestion
32935,32935,positive regulation of ovarian follicle development
32959,32959,negative regulation of membrane depolarization
32965,32965,SCARNA23
32984,32984,cellular chloride ion homeostasis
33001,33001,Nodular regenerative hyperplasia
33008,33008,negative regulation of cellular response to transforming growth factor beta stimulus
33035,33035,FAR11
33097,33097,Parainfluenzae virus infection
33146,33146,Rash scarlatiniform
33196,33196,positive regulation of extracellular matrix constituent secretion
33205,33205,Heart alternation
33215,33215,cellular response to interleukin-3
33237,33237,Oestrogen deficiency
33266,33266,regulation of membrane depolarization during cardiac muscle cell action potential
33271,33271,TP53 regulates transcription of several additional cell death genes whose specific roles in p53-dependent apoptosis remain uncertain
33292,33292,Carbinoxamine
33306,33306,heparan sulfate proteoglycan catabolic process
33314,33314,primary active transmembrane transporter activity
33323,33323,ADRB1
33366,33366,Collagen-vascular disease
33395,33395,Ear disorder
33411,33411,Vascular pseudoaneurysm
33421,33421,cotranslational protein targeting to membrane
33423,33423,cellular response to drug
33427,33427,Pink/Parkin Mediated Mitophagy
33466,33466,cellular carbohydrate metabolic process
33489,33489,parasympathetic nervous system development
33541,33541,LYAR
33592,33592,Pexidartinib
33598,33598,BRCA1
33606,33606,NF1P12
33609,33609,lipoprotein particle receptor binding
33614,33614,establishment or maintenance of cell polarity regulating cell shape
33619,33619,visceral serous pericardium development
33656,33656,ARL5B
33676,33676,"Hearing Loss, Central"
33701,33701,establishment or maintenance of neuroblast polarity
33708,33708,cellular macromolecule catabolic process
33753,33753,Intracardiac thrombus
33755,33755,positive regulation of the force of heart contraction by chemical signal
33761,33761,BCAR3-AS1
33789,33789,Ocular icterus
33799,33799,PARK10
33807,33807,Arrhythmia
33810,33810,parental behavior
33815,33815,progesterone metabolic process
33836,33836,Gnf1
33870,33870,Partial permanent deafness
33874,33874,ARCI9
33888,33888,CDH15
33918,33918,EDAR
33936,33936,ARRDC3-AS1
33963,33963,BRCA1P1
33972,33972,Diroximel fumarate
34000,34000,CDH13
34045,34045,Constitutive Signaling by EGFRvIII
34061,34061,regulation of establishment of blood-brain barrier
34097,34097,"vesicle targeting, rough ER to cis-Golgi"
34106,34106,Prednicarbate
34108,34108,cellular response to salt stress
34132,34132,progesterone biosynthetic process
34147,34147,eukaryotic translation initiation factor 4F complex
34153,34153,polysaccharide metabolic process
34170,34170,Golgi subcompartment
34179,34179,establishment of tissue polarity
34197,34197,heparan sulfate N-acetylglucosaminyltransferase activity
34212,34212,dicarboxylic acid metabolic process
34220,34220,negative regulation by host of symbiont molecular function
34252,34252,"eukaryotic translation initiation factor 3 complex, eIF3e"
34256,34256,Zinc efflux and compartmentalization by the SLC30 family
34267,34267,DOPA Decarboxylase Inhibitors
34302,34302,cellular response to acetylcholine
34323,34323,"hydrolase activity, acting on acid carbon-carbon bonds"
34336,34336,regulation of large conductance calcium-activated potassium channel activity
34352,34352,Smear cervix abnormal
34373,34373,PARD3-AS1
34379,34379,Carcinoma of lung
34382,34382,arteriole
34402,34402,eukaryotic 48S preinitiation complex
34417,34417,PARL
34432,34432,ZNF114
34443,34443,positive regulation of cardiac muscle cell contraction
34463,34463,Muscular Atrophy
34477,34477,ARG2
34522,34522,cellular metal ion homeostasis
34530,34530,Parkin-FBXW7-Cul1 ubiquitin ligase complex
34533,34533,cellular response to forskolin
34547,34547,Hypoparathyroidism
34571,34571,ERKs are inactivated
34575,34575,"posttranslational protein targeting to membrane, translocation"
34577,34577,CDH12P1
34648,34648,Phase 3 - rapid repolarisation
34654,34654,Early satiety
34713,34713,Paramethasone acetate
34719,34719,PCDH1
34797,34797,glandular epithelial cell development
34806,34806,nuclear export
34816,34816,SNARE complex assembly
34855,34855,Acute myocardial ischemia
34857,34857,paraxial mesoderm development
34858,34858,"DNA damage response, signal transduction by p53 class mediator resulting in cell cycle arrest"
34889,34889,cellular metabolic compound salvage
34894,34894,vacuolar proton-transporting V-type ATPase complex
34895,34895,Non-sustained ventricular tachycardia
34900,34900,Carbohydrate tolerance decreased
34906,34906,positive regulation of apoptotic cell clearance
34925,34925,Ovarian tumor domain proteases
34930,34930,atrioventricular node cell differentiation
34985,34985,extracellular matrix structural constituent conferring tensile strength
35046,35046,protein localization to nuclear inner membrane
35066,35066,negative regulation of cellular response to vascular endothelial growth factor stimulus
35074,35074,Testicular pain
35083,35083,cerebellar neuron development
35097,35097,RNF14P3
35101,35101,Acne pustular
35109,35109,Onychomycosis
35146,35146,Viral diarrhoea
35161,35161,COL1AR
35221,35221,ARF1
35231,35231,ZNF134
35256,35256,ARHGAP22-IT1
35291,35291,PWAR1
35333,35333,regulation of translational initiation in response to starvation
35341,35341,N(6)-L-threonylcarbamoyladenine synthase activity
35386,35386,Skeletal muscle paralysis
35393,35393,low-density lipoprotein particle receptor activity
35429,35429,cellular protein-containing complex assembly
35432,35432,CHEK2P4
35437,35437,Plantar erythema
35468,35468,SAR1
35535,35535,epicardium-derived cardiac fibroblast cell development
35581,35581,Endosomal/Vacuolar pathway
35599,35599,regulation of cardiac epithelial to mesenchymal transition
35712,35712,[acyl-carrier-protein] S-malonyltransferase activity
35761,35761,Fibroadenosis of breast
35768,35768,Congenital genitourinary abnormality
35784,35784,Blood bicarbonate decreased
35785,35785,Blood osmolarity decreased
35790,35790,BANF1
35829,35829,regulation of cardiac muscle cell action potential
35833,35833,negative regulation of cellular respiration
35840,35840,FFAR4
35855,35855,ART1
35862,35862,Menarche
35863,35863,regulation of fear response
35866,35866,periciliary membrane compartment
35894,35894,RNF138
35921,35921,Chronic diarrhea
35939,35939,Breast neoplasm NOS male
35953,35953,carboxylic acid catabolic process
35971,35971,Carbuncle
35979,35979,Eosinophilic myocarditis
35987,35987,regulation of cell growth by extracellular stimulus
35994,35994,tertiary granule membrane
36005,36005,negative regulation of intracellular cholesterol transport
36017,36017,Acute coronary syndrome
36037,36037,VEGF and VEGFR signaling network
36039,36039,arginine catabolic process to ornithine
36041,36041,cellular response to isoquinoline alkaloid
36055,36055,ARL6IP1P2
36063,36063,Cholangiocarcinoma
36086,36086,GART
36138,36138,Macular hole
36145,36145,Factors involved in megakaryocyte development and platelet production
36148,36148,Atresia biliary
36168,36168,Laryngeal disorder
36176,36176,cellular oxidant detoxification
36191,36191,"heparan sulfate proteoglycan biosynthetic process, polysaccharide chain biosynthetic process"
36204,36204,Pituitary haemorrhage
36205,36205,IARS2
36231,36231,ARAFP1
36282,36282,Paroxysmal atrial fibrillation
36296,36296,SNAR-A4
36319,36319,regulation of cellular component size
36347,36347,regulation of calcium ion import into sarcoplasmic reticulum
36349,36349,detection of carbohydrate stimulus
36355,36355,AAR2
36369,36369,cellular response to interleukin-18
36378,36378,RARA-AS1
36387,36387,ARL10
36475,36475,positive regulation of ventricular cardiac muscle cell action potential
36529,36529,Carbetocin
36552,36552,negative regulation of cellular response to insulin stimulus
36576,36576,Nuclear import of Rev protein
36608,36608,ARL5AP3
36621,36621,Pulmonary vasculitis
36624,36624,cardiac neural crest cell migration involved in outflow tract morphogenesis
36633,36633,production of molecular mediator involved in inflammatory response
36634,36634,Monoparesis
36643,36643,cellular response to extracellular stimulus
36647,36647,cellular response to cholesterol
36659,36659,very-low-density lipoprotein particle remodeling
36730,36730,regulation of cardiac muscle tissue regeneration
36732,36732,signal transduction involved in cellular response to ammonium ion
36745,36745,ARP3
36761,36761,ARMCX5
36873,36873,scaRNA localization to Cajal body
36881,36881,Adenocarcinoma of prostate
36918,36918,Breast tension
36920,36920,ARFIP2
36926,36926,femoral artery
36933,36933,Skin carcinoma
36934,36934,Parkinsonism aggravated
36957,36957,ARMCX3-AS1
36960,36960,Barium sulfate
36982,36982,Carnitine synthesis
36992,36992,Paranoid state
37039,37039,peptidyl-arginine ADP-ribosylation
37053,37053,Pseudoparkinsonism
37055,37055,disaccharide binding
37056,37056,Neuromuscular toxicity
37074,37074,cellular response to leptin stimulus
37076,37076,pulmonary artery
37095,37095,RNF122
37097,37097,TP53BP1
37124,37124,monosaccharide binding
37131,37131,ARV1
37184,37184,ventricular cardiac myofibril assembly
37209,37209,Bicarbonate level
37232,37232,paraxial mesodermal cell differentiation
37276,37276,Electrocardiogram PR shortened
37277,37277,ZNF141
37335,37335,negative regulation of cardiac muscle tissue regeneration
37341,37341,STARD13-AS
37346,37346,EARP complex
37370,37370,chylomicron remnant clearance
37387,37387,regulation of mitotic nuclear division
37404,37404,ARHGAP21
37417,37417,Carbapenems
37433,37433,Arp2/3 complex binding
37453,37453,cellular trivalent inorganic anion homeostasis
37463,37463,response to monosaccharide
37471,37471,SNAR-C5
37480,37480,eukaryotic initiation factor 4E binding
37552,37552,positive regulation of vascular endothelial growth factor receptor signaling pathway
37558,37558,positive regulation of cell proliferation involved in heart morphogenesis
37572,37572,ARO4
37625,37625,Carvedilol
37648,37648,psoriatic arthritis
37664,37664,MARK2P6
37681,37681,PRKAR1A
37703,37703,regulation of apoptotic process in bone marrow cell
37718,37718,Gamithromycin
37749,37749,intermicrovillar adhesion
37771,37771,Epstein-Barr virus infection
37805,37805,Parasomnias
37819,37819,KARS1
37822,37822,protein targeting to vacuole
37850,37850,ribosomal large subunit assembly
37858,37858,MARK2P14
37878,37878,positive regulation of intracellular estrogen receptor signaling pathway
37884,37884,ARHGAP1
37889,37889,meiotic nuclear division
37945,37945,Retinal tear
37964,37964,very-low-density lipoprotein particle binding
37998,37998,multicellular organismal homeostasis
38002,38002,ARO10
38021,38021,RNF115
38032,38032,Cardioactive drug level above therapeutic
38057,38057,cellular respiration
38086,38086,ARHGAP25
38091,38091,vacuolar acidification
38095,38095,mammary gland alveolus development
38147,38147,pulmonary artery morphogenesis
38163,38163,excitatory extracellular ligand-gated ion channel activity
38173,38173,SMARCD3
38191,38191,negative regulation of cellular response to drug
38201,38201,ARMCX2
38208,38208,Arylamine metabolism
38215,38215,cellular response to cadmium ion
38269,38269,antigen processing and presentation of peptide or polysaccharide antigen via MHC class II
38272,38272,EGF/EGFR Signaling Pathway
38306,38306,D-aspartate import across plasma membrane
38331,38331,cerebellar cortex morphogenesis
38337,38337,negative regulation of nuclear-transcribed mRNA poly(A) tail shortening
38382,38382,CARD11-AS1
38413,38413,protein-arginine deiminase activity
38432,38432,dicarboxylic acid transport
38451,38451,positive regulation of aspartic-type endopeptidase activity involved in amyloid precursor protein catabolic process
38455,38455,SMARCA5
38456,38456,establishment of epithelial cell apical/basal polarity
38464,38464,vascular wound healing
38488,38488,STARD4
38492,38492,Butylparaben
38497,38497,cellular response to peptide hormone stimulus
38518,38518,blood microparticle
38552,38552,SIGMAR1
38575,38575,primary alcohol catabolic process
38593,38593,carboxylic acid transmembrane transporter activity
38608,38608,ARL2BPP6
38641,38641,"Urinary Bladder, Neurogenic"
38642,38642,ARG1
38645,38645,Nafarelin
38646,38646,aspartate family amino acid metabolic process
38647,38647,Carotene decreased
38668,38668,NOTCH4 Intracellular Domain Regulates Transcription
38678,38678,Tongue paralysis
38680,38680,protein-arginine omega-N monomethyltransferase activity
38685,38685,carbohydrate derivative transmembrane transporter activity
38708,38708,bicellular tight junction assembly
38724,38724,supramolecular fiber
38753,38753,Squamous cell carcinoma
38772,38772,cellular polysaccharide biosynthetic process
38782,38782,LUARIS
38803,38803,cellular hypotonic response
38808,38808,negative regulation of vascular smooth muscle cell differentiation involved in phenotypic switching
38813,38813,regulation of cellular response to growth factor stimulus
38822,38822,CARS1P1
38867,38867,"vacuolar proton-transporting V-type ATPase, V0 domain"
38879,38879,intracellular ligand-gated ion channel activity
38881,38881,ARHGAP27P1-BPTFP1-KPNA2P3
38912,38912,negative regulation of mitotic sister chromatid separation
38918,38918,exonucleolytic nuclear-transcribed mRNA catabolic process involved in deadenylation-dependent decay
38929,38929,FTO Obesity Variant Mechanism
38957,38957,Dyspnoea paroxysmal nocturnal
38965,38965,ARID3B
38970,38970,learning or memory
38974,38974,cardiac pacemaker cell differentiation
38993,38993,Carcinoma of tongue
39013,39013,ventricular cardiac muscle cell membrane repolarization
39026,39026,Extracellular vesicle-mediated signaling in recipient cells
39062,39062,planar cell polarity pathway involved in axis elongation
39074,39074,Electrocardiogram QRS complex abnormal
39092,39092,cardiac left ventricle morphogenesis
39118,39118,Cerebellar Ataxia
39131,39131,positive regulation of sarcomere organization
39190,39190,"negative regulation of nuclear-transcribed mRNA catabolic process, nonsense-mediated decay"
39255,39255,Malaria
39261,39261,Left ventricular dysfunction
39265,39265,TP53TG3F
39289,39289,negative regulation of natural killer cell mediated cytotoxicity directed against tumor cell target
39293,39293,ARVD4
39297,39297,TP53BP2P1
39307,39307,Vocal cord paralysis
39311,39311,MARF1
39318,39318,L-asparagine transmembrane transporter activity
39339,39339,negative regulation of very-low-density lipoprotein particle remodeling
39359,39359,carbohydrate phosphatase activity
39362,39362,early phagosome membrane
39400,39400,salivary gland cancer
39414,39414,Cardiogenic shock
39422,39422,peroxisome matrix targeting signal-1 binding
39465,39465,cerebellar cortex maturation
39479,39479,maintenance of lens transparency
39490,39490,cellular lipid catabolic process
39492,39492,ARC1
39548,39548,renal control of peripheral vascular resistance involved in regulation of systemic arterial blood pressure
39553,39553,alopecia areata
39563,39563,RNF183
39602,39602,positive regulation of cellular senescence
39613,39613,acyl carnitine transport
39628,39628,positive regulation of membrane depolarization
39629,39629,SAR1B
39662,39662,Gout flare
39666,39666,artery
39686,39686,regulation of cardiac muscle cell membrane potential
39726,39726,ARL9
39731,39731,Paraparesis
39762,39762,cellular response to insulin stimulus
39800,39800,Skin Barrier Activity
39827,39827,regulation of protein localization to early endosome
39846,39846,PPARA
39851,39851,Peripheral arterial disease
39854,39854,Junctional bradycardia
39861,39861,CDH18-AS1
39872,39872,aromatase activity
39883,39883,Demecarium
39900,39900,cellular response to decreased oxygen levels
39922,39922,Pharyngitis
39943,39943,ARL3
39968,39968,Apoptosis-related network due to altered Notch3 in ovarian cancer
39984,39984,ARRDC1
39989,39989,negative regulation of cardiac muscle cell proliferation
40000,40000,vascular endothelial growth factor receptor signaling pathway
40033,40033,FARP1
40044,40044,SARM1
40075,40075,Sarcoidosis
40082,40082,TUNAR
40086,40086,cellular response to lipoprotein particle stimulus
40087,40087,cell differentiation involved in salivary gland development
40110,40110,carnosine synthase activity
40124,40124,Hyperparathyroidism
40159,40159,cellular response to UV
40161,40161,Diarrhoea
40164,40164,ornithine decarboxylase activity
40182,40182,Talazoparib
40204,40204,cellular response to interleukin-2
40206,40206,ARRDC2
40235,40235,negative regulation of heart rate
40246,40246,ARAP1-AS2
40260,40260,Electrocardiogram T wave abnormal
40264,40264,phosphatidylserine decarboxylase activity
40280,40280,Parathyroid tumour
40282,40282,negative regulation of primary amine oxidase activity
40295,40295,Intracellular metabolism of fatty acids regulates insulin secretion
40303,40303,CCAR1
40304,40304,vocal learning
40314,40314,ARHGAP19
40322,40322,ARL13B-mediated ciliary trafficking of INPP5E
40328,40328,nuclear speck
40336,40336,intracellular cyclic nucleotide activated cation channel activity
40343,40343,dimethylargininase activity
40349,40349,Capillary fragility increased
40366,40366,modulation of molecular function in other organism
40374,40374,atrial cardiac muscle cell membrane repolarization
40375,40375,regulation of canonical Wnt signaling pathway involved in heart development
40406,40406,testicular cancer
40416,40416,superior olivary nucleus maturation
40432,40432,LARP4
40437,40437,mammillary axonal complex development
40440,40440,extracellular polysaccharide biosynthetic process
40504,40504,BCAR1
40577,40577,Coronary artery insufficiency
40583,40583,regulation of release of sequestered calcium ion into cytosol by sarcoplasmic reticulum
40602,40602,behavioral response to starvation
40610,40610,ventricular cardiac muscle cell action potential
40627,40627,positive regulation of cardioblast differentiation
40654,40654,Myocardial depression
40711,40711,regulation of carbohydrate catabolic process
40750,40750,carbon-oxygen lyase activity
40799,40799,intracellular signal transduction involved in G1 DNA damage checkpoint
40803,40803,"Hearing Loss, Noise-Induced"
40813,40813,arginine transmembrane transporter activity
40864,40864,prostate glandular acinus morphogenesis
40876,40876,LARGE1
40880,40880,regulation of systemic arterial blood pressure by circulatory renin-angiotensin
40892,40892,multivesicular body assembly
40915,40915,"beta-carotene 15,15'-monooxygenase activity"
40933,40933,Creatinine renal clearance decreased
40939,40939,Smarting
40945,40945,cellular response to manganese ion
40980,40980,cellular response to nitrogen compound
41000,41000,cellular response to interleukin-9
41013,41013,Bone marrow granuloma
41067,41067,Nuclear Receptors in Lipid Metabolism and Toxicity
41078,41078,SCARNA21
41098,41098,HLA-DRB1
41123,41123,ART10
41139,41139,FOXA1
41167,41167,Farnesoid X Receptor  Pathway
41174,41174,Clindamycin
41200,41200,Partial seizures
41214,41214,NARS1
41224,41224,MYCL-AS1
41238,41238,cellular response to folic acid
41242,41242,Breast cancer female
41259,41259,positive regulation of intracellular sterol transport
41260,41260,"carnitine metabolic process, CoA-linked"
41264,41264,Estrogen biosynthesis
41274,41274,regulation of vascular permeability
41278,41278,RUNX1 regulates genes involved in megakaryocyte differentiation and platelet function
41287,41287,cellular response to epidermal growth factor stimulus
41303,41303,Dicoumarol
41306,41306,asparagine metabolic process
41313,41313,Defect conduction intraventricular
41331,41331,intermediate-density lipoprotein particle
41376,41376,Vascular calcification
41391,41391,behavioral fear response
41399,41399,Systemic mycosis
41429,41429,gamma-tubulin large complex
41438,41438,G protein-coupled receptor signaling pathway involved in heart process
41467,41467,ARMC6
41485,41485,plasma lipoprotein particle assembly
41487,41487,regulation of intracellular steroid hormone receptor signaling pathway
41493,41493,"intramolecular oxidoreductase activity, interconverting keto- and enol-groups"
41498,41498,carboxy-lyase activity
41501,41501,multivesicular body
41548,41548,RAD51C
41557,41557,Multifocal ventricular tachycardia
41600,41600,Activation of RAC1 downstream of NMDARs
41622,41622,negative regulation of early endosome to late endosome transport
41673,41673,Breast engorgement
41677,41677,cellular response to pH
41688,41688,cellular response to bile acid
41690,41690,Electrocardiogram QT prolonged
41696,41696,vesicle fusion with endoplasmic reticulum-Golgi intermediate compartment (ERGIC) membrane
41709,41709,MARK2P7
41714,41714,Rb1
41726,41726,ARHGEF15
41739,41739,KAR2
41753,41753,RNF133
41768,41768,cellular response to aldehyde
41785,41785,MARK3P1
41792,41792,Cell surface interactions at the vascular wall
41810,41810,Validated targets of C-MYC transcriptional activation
41829,41829,Paraplegia
41842,41842,midbrain-hindbrain boundary development
41861,41861,nuclear condensin complex
41863,41863,MYCNUT
41865,41865,STARD3NL
41887,41887,multicellular organismal water homeostasis
41915,41915,Peripheral vascular disorder
41951,41951,Anterior spinal artery syndrome
41952,41952,negative regulation of cellular catabolic process
42013,42013,sarcoplasmic reticulum membrane
42036,42036,RPGRIP1L
42050,42050,Cardiac Rhythm Alteration
42072,42072,protein localization to juxtaparanode region of axon
42096,42096,neurofibrillary tangle
42121,42121,ARFRP1
42128,42128,extracellular transport
42132,42132,cellular polysaccharide catabolic process
42154,42154,atrioventricular valve formation
42157,42157,"cellular response to 2,3,7,8-tetrachlorodibenzodioxine"
42185,42185,regulation of vascular permeability involved in acute inflammatory response
42199,42199,multicellular organismal movement
42220,42220,vacuolar proton-transporting V-type ATPase complex assembly
42235,42235,regulation of cardiac cell fate specification
42249,42249,regulation of vascular associated smooth muscle cell apoptotic process
42255,42255,PARP1P1
42260,42260,trophectodermal cellular morphogenesis
42267,42267,cellular response to L-phenylalanine derivative
42269,42269,replication fork arrest
42278,42278,secondary alcohol biosynthetic process
42305,42305,cellular alcohol biosynthetic process
42335,42335,glomerular basement membrane development
42374,42374,PARPBP
42376,42376,Partial hearing loss
42407,42407,regulation of cellular response to macrophage colony-stimulating factor stimulus
42456,42456,positive regulation of large conductance calcium-activated potassium channel activity
42470,42470,Fibrocystic breast disease
42476,42476,Cardiac Glycosides
42477,42477,Faeces hard
42483,42483,Carf
42552,42552,NF1P1
42554,42554,eukaryotic translation initiation factor 2alpha kinase activity
42561,42561,serine-type carboxypeptidase activity
42583,42583,heart valve morphogenesis
42594,42594,Ascariasis
42596,42596,cellular response to nitric oxide
42611,42611,NLS-bearing protein import into nucleus
42631,42631,Hemiparesis (left)
42633,42633,multicellular organism growth
42640,42640,glutamate catabolic process to 2-oxoglutarate
42642,42642,cellular response to jasmonic acid stimulus
42668,42668,stearoyl-CoA 9-desaturase activity
42680,42680,ARHGAP30
42682,42682,response to starvation
42684,42684,cellular monovalent inorganic anion homeostasis
42690,42690,Diabetic hyperosmolar coma
42741,42741,protein targeting to lysosome
42746,42746,Breast cyst
42749,42749,response to L-arginine
42763,42763,cellular response to parathyroid hormone stimulus
42805,42805,cellular response to histamine
42814,42814,cellular response to mechanical stimulus
42816,42816,nucleotide-sugar biosynthetic process
42829,42829,PAR32
42842,42842,ERBB2 Activates PTK6 Signaling
42856,42856,ciliary part
42864,42864,ARF1P1
42899,42899,aspartate biosynthetic process
42914,42914,Trifarotene
42947,42947,cellular response to acid chemical
42973,42973,centriolar subdistal appendage
43017,43017,MARCOL
43035,43035,Regulation of cytoplasmic and nuclear SMAD2/3 signaling
43054,43054,WARS1
43135,43135,ARHGEF17
43144,43144,Testicular swelling
43150,43150,CARMIL3
43153,43153,Barbiturates
43173,43173,mammary gland branching involved in thelarche
43204,43204,inner dynein arm
43226,43226,Initiation of Nuclear Envelope Reformation
43228,43228,multivesicular body membrane
43230,43230,PWAR5
43258,43258,Activated PKN1 stimulates transcription of AR (androgen receptor) regulated genes KLK2 and KLK3
43259,43259,nuclear polyadenylation-dependent tRNA catabolic process
43272,43272,Congenital arterial malformation
43309,43309,regulation of cellular response to transforming growth factor beta stimulus
43324,43324,Estrogen Receptor Agonists
43326,43326,ER Quality Control Compartment (ERQC)
43355,43355,Carindacillin
43367,43367,cellular modified amino acid biosynthetic process
43386,43386,cellular response to oleic acid
43402,43402,extracellular ligand-gated ion channel activity
43425,43425,ARL2BPP10
43430,43430,observational learning
43466,43466,ARSB
43467,43467,chromosome attachment to the nuclear envelope
43469,43469,articular capsule
43496,43496,Acute diarrhea
43498,43498,positive regulation of intracellular protein transport
43507,43507,microtubule cytoskeleton organization involved in establishment of planar polarity
43542,43542,disaccharide transport
43543,43543,endocardium formation
43555,43555,nuclear pore organization
43560,43560,GATA3-AS1
43561,43561,ZNF197
43573,43573,Isocarboxazid
43576,43576,cellular response to cold
43580,43580,regulation of branching involved in salivary gland morphogenesis
43596,43596,ARL6IP1
43618,43618,Arterial anomaly
43637,43637,Myocardial haemorrhage
43652,43652,response to mycotoxin
43654,43654,maxillary sinus
43658,43658,mannosyl-oligosaccharide mannosidase activity
43681,43681,negative regulation of protein targeting to membrane
43693,43693,"oxidoreductase activity, acting on the CH-NH group of donors, quinone or similar compound as acceptor"
43730,43730,ARMC12
43738,43738,PCDH19
43754,43754,MARCHF7
43756,43756,production of molecular mediator of immune response
43780,43780,negative regulation of cellular amino acid metabolic process
43792,43792,ARPP19P1
43830,43830,glycogen (starch) synthase activity
43852,43852,Cardiovascular insufficiency
43864,43864,"nuclear-transcribed mRNA catabolic process, deadenylation-dependent decay"
43870,43870,PARP12
43878,43878,cellular response to gamma radiation
43890,43890,ZNF192P1
43939,43939,cellular process regulating host cell cycle in response to virus
43971,43971,cellular response to calcium ion
43982,43982,regulation of cardiac muscle myoblast proliferation
44006,44006,Supraventricular extrasystoles
44027,44027,Ear roaring
44054,44054,Hyperpolarization-activated Cyclic Nucleotide-gated Channel Antagonists
44057,44057,TP53I3
44097,44097,MYCLP1
44127,44127,molecular carrier activity
44131,44131,mycotoxin catabolic process
44136,44136,establishment or maintenance of microtubule cytoskeleton polarity
44138,44138,development of primary sexual characteristics
44141,44141,"oxidoreductase activity, acting on a sulfur group of donors, quinone or similar compound as acceptor"
44157,44157,Vascular purpura
44158,44158,MARCHF6
44200,44200,C1QTNF1
44214,44214,ARHGAP26-IT1
44236,44236,HCAR2
44239,44239,Cerebral arteriosclerosis
44264,44264,aspartate 1-decarboxylase activity
44282,44282,Cataract specified
44285,44285,smoothened signaling pathway involved in regulation of cerebellar granule cell precursor cell proliferation
44287,44287,negative regulation of cardioblast differentiation
44291,44291,cardiac cell fate commitment
44333,44333,inner medullary collecting duct development
44335,44335,positive regulation of glomerular filtration
44361,44361,Chronic obstructive pulmonary disease
44363,44363,ARPC1B
44472,44472,cellular magnesium ion homeostasis
44487,44487,spine apparatus
44525,44525,adult heart development
44552,44552,PCARE
44561,44561,negative regulation of calcium ion import into sarcoplasmic reticulum
44571,44571,SNAR-A10
44605,44605,SART3
44616,44616,carnitine metabolic process
44620,44620,negative regulation of cell proliferation in bone marrow
44651,44651,Pulmonary haemorrhage
44679,44679,Dysarthria
44706,44706,voltage-gated potassium channel activity involved in ventricular cardiac muscle cell action potential repolarization
44743,44743,ARHGAP29
44761,44761,metanephric glomerular mesangium development
44764,44764,Carbon dioxide increased
44769,44769,plasma lipoprotein particle organization
44776,44776,Blood bicarbonate increased
44819,44819,RNF157-AS1
44829,44829,VEGFR1 specific signals
44900,44900,posttranscriptional tethering of RNA polymerase II gene DNA at nuclear periphery
44902,44902,L-lysine catabolic process to acetyl-CoA via saccharopine
44955,44955,positive regulation of establishment of endothelial barrier
44960,44960,TIPARP-AS1
44995,44995,Mucopolysaccharidosis II
44996,44996,TAAR6
45014,45014,aryl hydrocarbon receptor complex
45020,45020,Aryl Hydrocarbon Receptor Pathway
45032,45032,Defective HLCS causes multiple carboxylase deficiency
45065,45065,Electrocardiogram abnormal specific
45099,45099,nuclear mRNA surveillance of mRNA 3'-end processing
45115,45115,STARP1
45126,45126,Bexarotene
45136,45136,kynurenine-oxoglutarate transaminase activity
45137,45137,ARX
45158,45158,Intestinal infarction
45169,45169,RNF114
45173,45173,chromosome separation
45174,45174,positive regulation of cardiac muscle cell differentiation
45175,45175,FOXA1 transcription factor network
45183,45183,Intravascular large B-cell lymphoma
45200,45200,PRKAR2B
45204,45204,Retinal artery occlusion
45221,45221,"phosphotransferase activity, carboxyl group as acceptor"
45241,45241,FAR8
45244,45244,ARHGAP8
45252,45252,Glomerular filtration rate decreased
45269,45269,positive regulation of mammary gland epithelial cell proliferation
45271,45271,cellular response to thyroxine stimulus
45274,45274,Risus sardonicus
45305,45305,Bismuth subcarbonate
45371,45371,glomerular capillary formation
45378,45378,Laryngotracheal oedema
45381,45381,vascular endothelial growth factor receptor 1 binding
45384,45384,MARS2
45394,45394,AARSD1
45396,45396,LDL clearance
45400,45400,RNF169
45409,45409,ARG8
45414,45414,UDP-sugar diphosphatase activity
45425,45425,Warts
45433,45433,"transferase activity, transferring alkyl or aryl (other than methyl) groups"
45451,45451,establishment or maintenance of cell polarity
45462,45462,WARS2-IT1
45480,45480,IL1 and megakaryotyces in obesity
45519,45519,RARRES2P5
45596,45596,Cataract unilateral
45604,45604,cellular response to epinephrine stimulus
45620,45620,intracellular chloride channel activity
45626,45626,carboxy-terminal domain protein kinase complex
45641,45641,follicular dendritic cell activation
45643,45643,Estrogen-dependent gene expression
45653,45653,Viral pharyngitis
45662,45662,glossopharyngeal nerve morphogenesis
45687,45687,Recruitment and ATM-mediated phosphorylation of repair and signaling proteins at DNA double strand breaks
45689,45689,ARMH2
45701,45701,secondary lysosome
45702,45702,AR
45738,45738,ZNF107
45774,45774,Atrioventricular dissociation
45814,45814,cellular response to angiotensin
45828,45828,MINAR2
45868,45868,SART1
45871,45871,cellular response to chromate
45918,45918,"oxidoreductase activity, acting on paired donors, with incorporation or reduction of molecular oxygen, NAD(P)H as one donor, and incorporation of one atom of oxygen"
45958,45958,dolichol-linked oligosaccharide biosynthetic process
45960,45960,Regulation of gene expression in early pancreatic precursor cells
45966,45966,"proteasome regulatory particle, lid subcomplex"
45979,45979,Compartment syndrome
46000,46000,atrial cardiac muscle tissue development
46043,46043,Acarbose
46061,46061,Carbon dioxide
46099,46099,positive regulation of high-density lipoprotein particle clearance
46101,46101,Myocardial hypertrophy
46121,46121,Composition of Lipid Particles
46129,46129,ARHGEF4
46130,46130,BRCA2
46132,46132,progesterone receptor signaling pathway
46136,46136,cellular response to interferon-beta
46180,46180,PARP11-AS1
46189,46189,Avascular necrosis femoral head
46193,46193,Anaplastic large-cell lymphoma
46204,46204,Ear pain
46227,46227,Diabetic vascular disorder
46257,46257,cellular zinc ion homeostasis
46266,46266,regulation of adenylate cyclase-activating adrenergic receptor signaling pathway involved in heart process
46277,46277,Retinal pigment epithelial tear
46288,46288,Secondary parkinsonism
46316,46316,Pulmonary lymphoma
46320,46320,cellular response to interleukin-7
46392,46392,Darunavir
46400,46400,ARP6
46402,46402,Cataract subcapsular
46406,46406,ovarian follicle
46414,46414,Mesenteric artery thrombosis
46421,46421,ARCI7
46434,46434,Bizarre dreams
46467,46467,Pulse rate decrease marked
46480,46480,PRKAR1B-AS1
46514,46514,Anterior chamber flare
46542,46542,ARHGAP12
46557,46557,CDH17
46571,46571,ARID4A
46573,46573,megakaryocyte development
46577,46577,ATM Signaling Pathway
46582,46582,regulation of low-density lipoprotein particle receptor biosynthetic process
46583,46583,Ribostamycin
46622,46622,MTARC2
46628,46628,TP53 Regulates Transcription of Death Receptors and Ligands
46646,46646,sarcomerogenesis
46674,46674,Pulmonary function test abnormal
46677,46677,cerebellar granular layer morphogenesis
46681,46681,ARMH1
46696,46696,positive regulation of transcription from RNA polymerase II promoter involved in cellular response to chemical stimulus
46717,46717,SCARNA15
46726,46726,positive regulation of cardiac muscle tissue development
46734,46734,Hypertrophic scar
46753,46753,cellular response to erythropoietin
46767,46767,vestibulocochlear nerve morphogenesis
46776,46776,Sarcopenia
46800,46800,Selective Progesterone Receptor Modulators
46810,46810,protein N-linked glycosylation via asparagine
46818,46818,heart
46845,46845,CARMIL1
46862,46862,Miliaria rubra
46868,46868,ZAR1L
46884,46884,high-density lipoprotein particle receptor binding
46892,46892,small nucleolar ribonucleoprotein complex
46911,46911,trochlear nerve development
46923,46923,Isometheptene
46936,46936,negative regulation of mitochondrial depolarization
46945,46945,Macular fibrosis
46947,46947,cerebellar cortex
46956,46956,cellular sphingolipid homeostasis
46965,46965,regulation of cardiac vascular smooth muscle cell differentiation
46994,46994,multivesicular body lumen
47005,47005,Transfer of LPS from LBP carrier to CD14
47020,47020,cellular response to phorbol 13-acetate 12-myristate
47031,47031,Nasopharyngeal carcinoma
47149,47149,CDH12P3
47154,47154,positive regulation of cellular amino acid metabolic process
47167,47167,Breast tenderness
47177,47177,cardiocyte differentiation
47206,47206,Hypertrophic osteoarthropathy
47219,47219,Hoarseness
47220,47220,semicircular canal
47231,47231,negative regulation of mitotic nuclear division
47242,47242,Nuclear Envelope Breakdown
47248,47248,"regulation of nuclear-transcribed mRNA catabolic process, nonsense-mediated decay"
47252,47252,Ficolins bind to repetitive carbohydrate structures on the target cell surface
47274,47274,ZNF112
47279,47279,atrioventricular node
47300,47300,superior mesenteric artery
47327,47327,leukocyte adhesion to vascular endothelial cell
47336,47336,extracellular matrix structural constituent
47338,47338,ARHGAP27P2
47344,47344,SMARCC1
47376,47376,regulation of membrane repolarization during ventricular cardiac muscle cell action potential
47380,47380,Urethral discharge
47410,47410,Spasm biliary
47434,47434,aspartate family amino acid catabolic process
47435,47435,regulation of Wnt signaling pathway involved in heart development
47441,47441,Supraventricular tachyarrhythmia
47474,47474,rheumatoid arthritis
47507,47507,ARPC3P5
47512,47512,extracellular matrix-cell signaling
47514,47514,Varenicline
47548,47548,cardiolipin metabolic process
47550,47550,primary alcohol metabolic process
47596,47596,"mannosyl-oligosaccharide 1,3-1,6-alpha-mannosidase activity"
47627,47627,PARP4P3
47649,47649,PICSAR
47659,47659,ZNF192P2
47665,47665,C4-dicarboxylate transmembrane transporter activity
47676,47676,Pulse irregular
47691,47691,eIF5A regulation in response to inhibition of the nuclear export system
47710,47710,regulation of extracellular matrix organization
47724,47724,tricarboxylic acid metabolic process
47730,47730,high-density lipoprotein particle receptor activity
47741,47741,regulation of cardioblast differentiation
47765,47765,Pituitary-dependent Cushing's syndrome
47771,47771,ARL4AP3
47808,47808,AREG
47820,47820,ZNF133
47841,47841,Capillary leak syndrome
47849,47849,Alveolar osteitis
47885,47885,protein targeting to membrane
47897,47897,Regulation of TP53 Degradation
47935,47935,ARID3A
47939,47939,cellular response to chemokine
47942,47942,Breast discomfort
47975,47975,PARP4P2
47983,47983,Defective LARGE causes MDDGA6 and MDDGB6
47985,47985,ZNF101
48014,48014,cellular response to biotic stimulus
48044,48044,axonemal central apparatus assembly
48055,48055,basal part of cell
48065,48065,[acetyl-CoA carboxylase] kinase activity
48110,48110,"oxidoreductase activity, acting on paired donors, with oxidation of a pair of donors resulting in the reduction of molecular oxygen to two molecules of water"
48140,48140,intraciliary transport particle A binding
48141,48141,TCA Cycle Nutrient Utilization and Invasiveness of Ovarian Cancer
48163,48163,Thrombin signalling through proteinase activated receptors (PARs)
48174,48174,protein localization to Golgi apparatus
48188,48188,response to actinomycin D
48204,48204,CFLAR
48242,48242,Cerebellar atrophy
48246,48246,Electrocardiogram poor R-wave progression
48247,48247,cellular oligosaccharide catabolic process
48332,48332,Pten
48355,48355,HAR1A
48376,48376,Breast induration
48393,48393,Posterior subcapsular cataract
48399,48399,PALB2
48402,48402,ADP-sugar diphosphatase activity
48405,48405,KAR1
48417,48417,Laryngitis
48448,48448,eukaryotic translation initiation factor 2B complex
48477,48477,regulation of cardiac muscle hypertrophy in response to stress
48479,48479,negative regulation of extracellular matrix organization
48518,48518,posttranslational protein targeting to endoplasmic reticulum membrane
48524,48524,cuticular plate
48545,48545,PPARGC1A
48592,48592,"SRP-dependent cotranslational protein targeting to membrane, signal sequence recognition"
48634,48634,regulation of glycogen (starch) synthase activity
48665,48665,SNAR-C1
48675,48675,structural constituent of nuclear pore
48688,48688,Regulation of PTEN stability and activity
48702,48702,Wound discharge increased
48717,48717,Cardiac discomfort
48742,48742,petrous part of temporal bone
48762,48762,Adrenal carcinoma
48810,48810,PARP10
48819,48819,Oxcarbazepine
48844,48844,regulation of the force of heart contraction
48860,48860,heparan sulfate 6-O-sulfotransferase activity
48861,48861,cellular response to alkaline pH
48878,48878,Paresthesia
48895,48895,Bradycardia foetal
48900,48900,Eyelid margin crusting
48908,48908,estrogen metabolic process
48944,48944,intrinsic component of vacuolar membrane
48948,48948,LARP1BP3
48990,48990,Peripheral artery aneurysm
49019,49019,sperm part
49023,49023,cardiac ventricle formation
49044,49044,ARL15
49083,49083,tertiary alcohol metabolic process
49092,49092,Jaundice hepatocellular
49123,49123,Paraproteinaemia
49132,49132,Paresthesia of fingers
49156,49156,Zinc Dibutyldithiocarbamate
49192,49192,ARL4C
49197,49197,targeting of mRNA for destruction involved in RNA interference
49214,49214,TAAR7P
49226,49226,"transferase activity, transferring one-carbon groups"
49227,49227,planar cell polarity pathway involved in neural tube closure
49229,49229,myristoyl-[acyl-carrier-protein] hydrolase activity
49244,49244,negative regulation of ovarian follicle development
49296,49296,negative regulation of intracellular estrogen receptor signaling pathway
49302,49302,positive regulation of hh target transcription factor activity
49304,49304,cellular ion homeostasis
49318,49318,CARD9
49322,49322,endocardial cushion to mesenchymal transition involved in heart valve formation
49324,49324,glomerular parietal epithelial cell differentiation
49325,49325,cardiac neural crest cell development involved in outflow tract morphogenesis
49349,49349,Trans-sulfuration and one carbon metabolism
49360,49360,positive regulation of heart contraction
49375,49375,Paricalcitol
49401,49401,Apgar score low
49403,49403,SCARB1
49442,49442,carbon catabolite regulation of transcription
49445,49445,common fibular nerve
49458,49458,nuclear import signal receptor activity
49468,49468,"hydrolase activity, acting on carbon-nitrogen (but not peptide) bonds"
49471,49471,lamellar body
49481,49481,monocarboxylic acid-transporting ATPase activity
49491,49491,positive regulation of cellular component movement
49532,49532,cellular response to prostaglandin E stimulus
49540,49540,glutamate catabolic process to aspartate
49555,49555,Activation of AMPK downstream of NMDARs
49561,49561,Paromomycin
49577,49577,ARPC3P4
49608,49608,nuclear RNA export factor complex
49623,49623,ARL5AP4
49636,49636,Junctional tachycardia
49644,49644,cellular response to progesterone stimulus
49692,49692,Skin tear
49713,49713,positive regulation of systemic arterial blood pressure
49724,49724,negative regulation of intracellular sterol transport
49752,49752,Post procedural diarrhoea
49763,49763,ventricular cardiac muscle cell differentiation
49773,49773,ESR1
49789,49789,regulation of cardiac muscle cell apoptotic process
49794,49794,Paraesthesia oral
49808,49808,positive regulation of cellular amide metabolic process
49841,49841,cellular response to BMP stimulus
49895,49895,maintenance of epithelial cell apical/basal polarity
49896,49896,TARBP2
49943,49943,CARS1-AS1
49947,49947,Arthropod bite
49997,49997,cellular response to platelet-derived growth factor stimulus
50001,50001,endosome to lysosome transport via multivesicular body sorting pathway
50003,50003,Ventricular tachycardia
50045,50045,SNAR-I
50051,50051,response to mycophenolic acid
50072,50072,Pharyngo-oral irritation
50112,50112,positive regulation of nuclear receptor transcription coactivator activity
50116,50116,MAP3K19
50185,50185,regulation of behavioral fear response
50188,50188,Oropharyngeal swelling
50189,50189,ARHGEF39
50251,50251,neuromuscular process
50276,50276,growth plate cartilage development
50279,50279,Nasopharyngeal disorder
50292,50292,arylamine N-acetyltransferase activity
50329,50329,Sinus tachycardia
50331,50331,Arthritis
50332,50332,cellular response to cycloheximide
50333,50333,nuclear mRNA surveillance
50340,50340,positive regulation of megakaryocyte differentiation
50382,50382,extracellular matrix constituent secretion
50424,50424,cellular response to UV-A
50450,50450,regulation of cardiac muscle adaptation
50461,50461,ARHGAP6
50490,50490,positive regulation of heart growth
50491,50491,Eyelash darkening
50494,50494,carbon-carbon lyase activity
50504,50504,Digestion of dietary lipid
50507,50507,Ovarian disorder
50568,50568,Carisoprodol
50576,50576,Muscular incoordination
50579,50579,Separation of Sister Chromatids
50592,50592,carbon-nitrogen lyase activity
50617,50617,arrestin family protein binding
50636,50636,SMARCA5-AS1
50641,50641,Biosynthesis of DPAn-3-derived maresins
50668,50668,paraxial mesodermal cell fate commitment
50714,50714,Lethargy
50719,50719,Integrated Breast Cancer Pathway
50730,50730,cellular response to hydroperoxide
50739,50739,intracellular estrogen receptor signaling pathway
50762,50762,sternoclavicular joint
50783,50783,"Hearing Loss, Bilateral"
50794,50794,cellular response to interleukin-8
50796,50796,endoplasmic reticulum tubular network organization
50798,50798,submandibular salivary gland formation
50800,50800,secondary palate development
50833,50833,Uracil mustard
50841,50841,positive regulation of mammary gland involution
50846,50846,intracellular protein transport in other organism involved in symbiotic interaction
50863,50863,Retinal vascular disorder
50867,50867,negative regulation of nuclear division
50916,50916,SHC1 events in ERBB2 signaling
50929,50929,regulation of cardiac muscle cell membrane repolarization
50940,50940,Spinal cord paralysis
50943,50943,interkinetic nuclear migration
51007,51007,BAR1
51032,51032,ERBB2 signaling pathway
51055,51055,positive regulation of heart induction by negative regulation of canonical Wnt signaling pathway
51068,51068,positive regulation of protein targeting to membrane
51073,51073,Cardiovascular disorder
51087,51087,vestibular reflex
51091,51091,carboxylic acid transmembrane transport
51120,51120,Cerebral artery embolism
51129,51129,regulation of heart rate by hormone
51139,51139,ZCRB1
51175,51175,positive regulation of cardiac muscle cell proliferation
51193,51193,hydroxymethylglutaryl-CoA lyase activity
51194,51194,ARL2BPP5
51206,51206,peptidyl-arginine methylation
51232,51232,ARF6
51244,51244,RNF112
51245,51245,cerebellar Purkinje cell layer morphogenesis
51257,51257,Urokinase-type plasminogen activator (uPA) and uPAR-mediated signaling
51278,51278,PPAR alpha
51283,51283,regulation of secondary metabolic process
51293,51293,Cervix carcinoma stage 0
51314,51314,positive regulation of ARF protein signal transduction
51324,51324,Bipolar disorder
51357,51357,oleoyl-[acyl-carrier-protein] hydrolase activity
51360,51360,Urticaria vesiculosa
51380,51380,farnesyltranstransferase activity
51384,51384,OARD1
51396,51396,membrane hyperpolarization
51421,51421,BARHL1
51427,51427,cellular response to interleukin-1
51435,51435,myocardium
51446,51446,Myocardial reinfarction
51462,51462,cellular response to nutrient levels
51510,51510,intraciliary transport particle B binding
51517,51517,Primary Progressive Nonfluent Aphasia
51518,51518,regulation of secondary heart field cardioblast proliferation
51538,51538,cardiac muscle cell fate commitment
51557,51557,cellular biogenic amine biosynthetic process
51612,51612,early endosome to recycling endosome transport
51626,51626,ARCODS
51630,51630,Pustular psoriasis
51667,51667,Maraviroc
51678,51678,modification of cellular component in other organism involved in symbiotic interaction
51679,51679,Progesterone
51680,51680,regulation of pulmonary blood vessel remodeling
51691,51691,FARSA
51732,51732,carnitine O-acyltransferase activity
51734,51734,ARG4
51735,51735,Blastomycosis
51757,51757,methylcrotonoyl-CoA carboxylase activity
51767,51767,ADGRB1
51811,51811,Association of TriC/CCT with target proteins during biosynthesis
51819,51819,ARHGAP42P2
51869,51869,glomerular visceral epithelial cell migration
51877,51877,ARVD3
51892,51892,DARS2
51898,51898,cellular glucan metabolic process
51905,51905,Ar
51908,51908,regulation of vascular smooth muscle cell dedifferentiation
51918,51918,Muscle movement involuntary
51933,51933,RNF128
51937,51937,Eslicarbazepine acetate
51950,51950,Menstruation irregular
51964,51964,ARL2BPP1
51991,51991,Ovarian atrophy
52022,52022,Tachyarrhythmia
52047,52047,ARPP21
52062,52062,eukaryotic initiation factor eIF2 binding
52068,52068,calcium-mediated signaling using extracellular calcium source
52070,52070,carbohydrate derivative biosynthetic process
52071,52071,Atonic urinary bladder
52085,52085,intracellular protein transport
52101,52101,cell communication by electrical coupling involved in cardiac conduction
52120,52120,neuron cellular homeostasis
52134,52134,Haemorrhage urinary tract
52144,52144,ARL5A
52148,52148,L-arabinose metabolic process
52159,52159,RNF170
52169,52169,Arteriosclerosis
52184,52184,carbon catabolite activation of transcription
52190,52190,"oxidoreductase activity, acting on CH or CH2 groups, quinone or similar compound as acceptor"
52193,52193,Oesophageal carcinoma
52203,52203,regulation of cell proliferation in bone marrow
52237,52237,Pupillary disorder
52252,52252,cellular response to alcohol
52257,52257,ciliary neurotrophic factor receptor complex
52264,52264,arterial endothelial cell fate commitment
52270,52270,cellular response to steroid hormone stimulus
52292,52292,synaptic growth at neuromuscular junction
52293,52293,nuclear transport
52335,52335,regulation of cellular response to X-ray
52360,52360,apoptotic cell clearance
52414,52414,Nitrogen Mustard Compounds
52454,52454,Lethargy
52463,52463,apoptotic nuclear changes
52497,52497,MARCO
52501,52501,epidermal lamellar body
52508,52508,artery smooth muscle contraction
52510,52510,Pulmonary oil microembolism
52526,52526,ARL2
52539,52539,ARHGAP17
52548,52548,nuclear retention of unspliced pre-mRNA at the site of transcription
52598,52598,ARHGAP29-AS1
52610,52610,Renal tubular necrosis
52627,52627,cellular detoxification
52644,52644,PTENP1-AS
52684,52684,ARF2
52690,52690,involuntary skeletal muscle contraction
52692,52692,positive regulation of cellular response to transforming growth factor beta stimulus
52693,52693,Livedo Reticularis
52703,52703,ARL8A
52722,52722,MAP3K10
52728,52728,cardiac ventricle development
52756,52756,multi-multicellular organism process
52757,52757,heparanase activity
52787,52787,vestibulocochlear nerve
52825,52825,Aromatase Inhibitors
52856,52856,positive regulation of nuclear cell cycle DNA replication
52872,52872,cellular response to hydroxyurea
52887,52887,cellular response to cell-matrix adhesion
52898,52898,CARMIL2
52967,52967,cellular ketone metabolic process
53035,53035,SCARNA18B
53043,53043,Opportunistic mycosis
53044,53044,Conversion from APC/C:Cdc20 to APC/C:Cdh1 in late anaphase
53051,53051,Partial transitory deafness
53061,53061,Brca1
53069,53069,determination of heart left/right asymmetry
53084,53084,Carcinoma colon
53104,53104,Keratosis pilaris
53143,53143,"racemase and epimerase activity, acting on carbohydrates and derivatives"
53176,53176,Secondary hypogonadism
53219,53219,ARHGAP11A-SCG5
53223,53223,positive regulation of neuromuscular junction development
53237,53237,MARK3P2
53245,53245,PI5P Regulates TP53 Acetylation
53262,53262,regulation of inner ear receptor cell differentiation
53287,53287,PRKAR1B-AS2
53291,53291,mammary gland epithelial cell proliferation
53298,53298,VEGFR2 mediated vascular permeability
53301,53301,protein arginylation
53313,53313,ZNF155
53337,53337,regulation of cellular hyperosmotic salinity response
53365,53365,Intestinal saccharidase deficiencies
53380,53380,TAAR8
53395,53395,polysaccharide localization
53422,53422,glomerular epithelium development
53448,53448,TP53 Regulates Transcription of Genes Involved in Cytochrome C Release
53472,53472,molecular adaptor activity
53474,53474,response to iron ion starvation
53477,53477,CDH1
53490,53490,NARF-IT1
53502,53502,CHEK2P3
53504,53504,GRB2 events in EGFR signaling
53509,53509,URB1
53512,53512,Paranoia
53517,53517,regulation of cellular amide metabolic process
53548,53548,negative regulation of vascular smooth muscle cell dedifferentiation
53549,53549,Proarrhythmia
53550,53550,Increased Cellular Death
53568,53568,Ear feels clogged
53602,53602,ARID5B
53614,53614,modulation by symbiont of host cellular process
53653,53653,gap junction channel activity involved in cardiac conduction electrical coupling
53667,53667,extracellularly glycine-gated ion channel activity
53762,53762,regulation of multicellular organism growth
53783,53783,metanephric glomerular epithelial cell differentiation
53787,53787,regulation of transcription from RNA polymerase II promoter in response to arsenic-containing substance
53788,53788,RNF111
53797,53797,RNF139
53819,53819,ZNF14
53820,53820,sodium:dicarboxylate symporter activity
53840,53840,primary amino compound metabolic process
53848,53848,RAD51-AS1
53866,53866,bicarbonate transmembrane transporter activity
53870,53870,negative regulation of cellular component organization
53871,53871,negative regulation of leukocyte adhesion to vascular endothelial cell
53874,53874,ARHGAP42P5
53885,53885,Injection site urticaria
53886,53886,regulation of epidermal growth factor receptor signaling pathway involved in heart process
53910,53910,Carnitine
53915,53915,high-density lipoprotein particle remodeling
53926,53926,C1QTNF12
53934,53934,ribosomal large subunit binding
53961,53961,MINAR1
53985,53985,duct of salivary gland
54017,54017,cellular component disassembly involved in execution phase of apoptosis
54059,54059,regulation of establishment of endothelial barrier
54077,54077,PARAL1
54094,54094,Arf6 trafficking events
54100,54100,methylarsonite methyltransferase activity
54107,54107,cerebellar cortex development
54110,54110,SNARE complex
54124,54124,Renovascular hypertension
54127,54127,Pituitary tumour
54138,54138,RAD51
54149,54149,SNAR-A13
54159,54159,Vogt-Koyanagi-Harada syndrome
54163,54163,Sarcoma
54202,54202,pericardium morphogenesis
54225,54225,epicardium morphogenesis
54227,54227,Paralysis flaccid
54245,54245,Heart rate irregular
54248,54248,glomerular endothelium development
54286,54286,Cochlear toxicity
54287,54287,Testicular disorder
54301,54301,secondary active organic cation transmembrane transporter activity
54307,54307,DARS1
54338,54338,cellular response to vitamin K
54349,54349,Poor urinary stream
54369,54369,RNF138P1
54488,54488,cellular triglyceride homeostasis
54497,54497,ovulation from ovarian follicle
54509,54509,cellular response to nitrogen levels
54523,54523,mammary gland lobule development
54531,54531,ARHGAP15-AS1
54540,54540,Paranasal sinus hypersecretion
54561,54561,EPHB-mediated forward signaling
54572,54572,ARN1
54575,54575,bronchial artery
54630,54630,Rash vesicular
54695,54695,cellular component maintenance
54697,54697,Paritaprevir
54778,54778,ARMS-mediated activation
54802,54802,ARID5A
54842,54842,TarBasePathway
54848,54848,ST segment elevation myocardial infarction
54854,54854,ARHGEF10L
54923,54923,protein localization to tricellular tight junction
54931,54931,Regulation of ornithine decarboxylase (ODC)
54961,54961,acyl carnitine transmembrane transporter activity
54974,54974,positive regulation of intracellular cholesterol transport
54997,54997,intracellular transport of virus
55015,55015,Cardiac Progenitor Differentiation
55017,55017,Endocardial fibrosis
55018,55018,PARD6A
55035,55035,PTEN
55042,55042,Pericardial rub
55062,55062,Reflex bradycardia
55089,55089,Urticaria chronic
55110,55110,Localized osteoarthritis
55133,55133,"nuclear-transcribed mRNA catabolic process, exonucleolytic"
55155,55155,PWARSN
55162,55162,Angioedema of larynx
55204,55204,perikaryon
55221,55221,cardiac muscle cell action potential involved in contraction
55229,55229,Pulmonary veno-occlusive disease
55256,55256,establishment or maintenance of cytoskeleton polarity
55261,55261,mammillary body development
55286,55286,LARP1
55393,55393,mitotic cell cycle arrest
55399,55399,RNF17
55404,55404,negative regulation of Arp2/3 complex-mediated actin nucleation
55426,55426,regulation of very-low-density lipoprotein particle remodeling
55441,55441,Irbesartan
55450,55450,associative learning
55457,55457,SCARNA9
55460,55460,negative regulation of low-density lipoprotein particle receptor binding
55461,55461,planar cell polarity pathway involved in heart morphogenesis
55466,55466,semi-lunar valve development
55486,55486,SPARCL1
55503,55503,TSPEAR-AS2
55521,55521,regulation of nuclear division
55524,55524,positive regulation of insulin secretion involved in cellular response to glucose stimulus
55527,55527,Breast cancer
55536,55536,Rad51B-Rad51C-Rad51D-XRCC2 complex
55547,55547,cellular response to lipopolysaccharide
55548,55548,regulation of transcription of nucleolar large rRNA by RNA polymerase I
55549,55549,cellular response to hydrogen peroxide
55572,55572,Capillary fragility
55578,55578,GARNL3
55590,55590,Ciliary muscle spasm
55598,55598,ARL6IP6
55627,55627,carbohydrate homeostasis
55653,55653,RAD51
55666,55666,deadenylation-dependent decapping of nuclear-transcribed mRNA
55674,55674,SUMOylation of intracellular receptors
55677,55677,"nuclear-transcribed mRNA catabolic process, endonucleolytic cleavage-dependent decay"
55680,55680,establishment of planar polarity involved in neural tube closure
55714,55714,physiological cardiac muscle hypertrophy
55730,55730,MARCKSP1
55741,55741,narcolepsy
55746,55746,cell growth involved in cardiac muscle cell development
55749,55749,coronary artery morphogenesis
55754,55754,Spinocerebellar Ataxias
55757,55757,Larotrectinib
55773,55773,Natamycin
55794,55794,negative regulation of vascular permeability
55805,55805,Facial Paralysis
55836,55836,Tandem of pore domain in a weak inwardly rectifying K+ channels (TWIK)
55845,55845,cellular response to hyperoxia
55847,55847,Cellular hexose transport
55860,55860,Pulmonary alveolitis
55862,55862,maintenance of cell polarity
55882,55882,tertiary granule lumen
55932,55932,cellular stress response to acid chemical
55934,55934,Barrett's oesophagus
56027,56027,Paramethadione
56033,56033,ARSA
56036,56036,protein retention in Golgi apparatus
56063,56063,Heparin-induced thrombocytopenia
56076,56076,Warmth
56124,56124,sugar transmembrane transporter activity
56166,56166,negative regulation of nuclear cell cycle DNA replication
56183,56183,cartilage morphogenesis
56190,56190,Diverticular perforation
56224,56224,nuclear pore
56241,56241,growth plate cartilage chondrocyte differentiation
56247,56247,positive regulation of high-density lipoprotein particle assembly
56275,56275,Pulmonary infarction
56276,56276,regulation of meiotic nuclear division
56280,56280,Nuclear Pore Complex (NPC) Disassembly
56282,56282,TAAR9
56309,56309,Cerebral artery stenosis
56320,56320,regulation of megakaryocyte differentiation
56354,56354,Neural hearing loss
56369,56369,PANDAR
56388,56388,ventricular system development
56389,56389,positive regulation of heparan sulfate proteoglycan biosynthetic process
56411,56411,cellular response to abiotic stimulus
56412,56412,arabinose metabolic process
56421,56421,peroxisomal part
56429,56429,NF1P4
56455,56455,FAR2P2
56465,56465,NF1P10
56470,56470,aspartate transmembrane transport
56517,56517,regulation of inward rectifier potassium channel activity
56526,56526,coumarin catabolic process
56535,56535,negative regulation of apoptotic process in bone marrow cell
56563,56563,Papillary muscle rupture
56602,56602,MYCL
56641,56641,Peripheral artery stenosis
56664,56664,lateral sprouting involved in mammary gland duct morphogenesis
56673,56673,URB1
56675,56675,positive regulation of mitochondrial depolarization
56680,56680,CCAR2
56707,56707,negative regulation of ventricular cardiac muscle cell action potential
56751,56751,ARHGEF28
56773,56773,ARAF
56783,56783,LARP4B
56796,56796,Extensor plantar response
56809,56809,cellular response to bacterial lipoprotein
56840,56840,synaptic vesicle targeting
56869,56869,ARPC3
56881,56881,GATA3
56895,56895,transcription-dependent tethering of RNA polymerase II gene DNA at nuclear periphery
56914,56914,CARNS1
56920,56920,arachidoyl-CoA:1-dodecanol O-acyltransferase activity
56923,56923,Cervix carcinoma
56933,56933,regulation of extracellular matrix assembly
56955,56955,Pseudo-Bartter syndrome
56962,56962,RNF135
56978,56978,cellular response to cAMP
57007,57007,ADAR
57043,57043,Parkin-Ubiquitin Proteasomal System pathway
57071,57071,Arterial spasm
57082,57082,TSPEAR
57090,57090,nuclear nucleosome
57125,57125,SCARNA22
57133,57133,Paraldehyde
57138,57138,SNAR-A1
57157,57157,Brown-Sequard Syndrome
57159,57159,area postrema
57178,57178,columnar/cuboidal epithelial cell development
57187,57187,negative regulation of aspartic-type endopeptidase activity involved in amyloid precursor protein catabolic process
57191,57191,Bone sarcoma
57202,57202,RNF168
57205,57205,CARHSP1
57222,57222,nucleotide-sugar transmembrane transport
57226,57226,ophthalmic artery
57252,57252,Urinary incontinence
57273,57273,neuromuscular process controlling balance
57278,57278,microbody part
57300,57300,protein targeting to ER
57312,57312,regulation of low-density lipoprotein particle receptor catabolic process
57325,57325,very-low-density lipoprotein particle receptor activity
57333,57333,Neuromuscular Manifestations
57364,57364,ZNF160
57412,57412,monosaccharide transmembrane transporter activity
57424,57424,Parotid duct obstruction
57429,57429,ciliary transition zone
57430,57430,juxtaglomerular apparatus
57431,57431,LPAR4
57460,57460,OAR1
57461,57461,SAR1AP3
57466,57466,"chondroitin sulfate proteoglycan biosynthetic process, polysaccharide chain biosynthetic process"
57475,57475,ARPC4-TTLL3
57514,57514,monosaccharide metabolic process
57571,57571,very-low-density lipoprotein particle
57588,57588,aryl sulfotransferase activity
57605,57605,"Edema, Cardiac"
57612,57612,negative regulation of response to extracellular stimulus
57628,57628,STAR
57633,57633,SARNP
57644,57644,canonical Wnt signaling pathway involved in cardiac muscle cell fate commitment
57740,57740,canonical Wnt signaling pathway involved in heart development
57758,57758,Papillary thyroid cancer
57776,57776,Hamartoma
57792,57792,cellular response to leucine starvation
57839,57839,Acne vulgaris
57853,57853,Activation of anterior HOX genes in hindbrain development during early embryogenesis
57856,57856,cellular response to copper ion
57859,57859,C3AR1
57864,57864,sodium:bicarbonate symporter activity
57879,57879,RNF14P2
57883,57883,C1QTNF1-AS1
57898,57898,negative regulation of membrane repolarization during cardiac muscle cell action potential
57927,57927,CTRB1
57935,57935,mitochondrial membrane part
57943,57943,Ground glass appearance
57944,57944,BANF1P5
57969,57969,embryonic heart tube morphogenesis
57971,57971,Mycophenolic acid
57972,57972,Corneal scar
57993,57993,[heparan sulfate]-glucosamine 3-sulfotransferase 1 activity
58000,58000,positive regulation of glomerular mesangial cell proliferation
58019,58019,nuclear matrix
58023,58023,Tachycardia foetal
58071,58071,Methylparaben
58091,58091,Carcinoma
58101,58101,GRB14
58133,58133,endocardium development
58142,58142,RNF103-CHMP3
58143,58143,Complex partial seizures
58159,58159,Retinal vascular thrombosis
58204,58204,heparan sulfate proteoglycan binding
58209,58209,ARL17A
58219,58219,cellular response to ionizing radiation
58281,58281,primary biliary cirrhosis
58322,58322,EV release from cardiac cells and their functional effects
58335,58335,maxillary artery
58339,58339,Triclocarban
58387,58387,Urinary retention
58398,58398,urinary bladder smooth muscle contraction
58418,58418,cardiac muscle tissue growth
58440,58440,cellular response to prostaglandin stimulus
58444,58444,ARHGAP44
58448,58448,NEP/NS2 Interacts with the Cellular Export Machinery
58479,58479,Carotid bruit
58481,58481,"aspartic endopeptidase activity, intramembrane cleaving"
58525,58525,MARK2P3
58535,58535,Macular oedema
58548,58548,STARD9
58583,58583,traversing start control point of mitotic cell cycle
58606,58606,monosaccharide transmembrane transport
58648,58648,Paresthesia lips
58651,58651,Radiopharmaceutical Activity
58652,58652,nuclear membrane part
58732,58732,cellular response to mercury ion
58750,58750,cellular response to sodium arsenite
58754,58754,regulation of voltage-gated potassium channel activity involved in ventricular cardiac muscle cell action potential repolarization
58769,58769,Biosynthesis of maresin conjugates in tissue regeneration (MCTR)
58770,58770,cellular response to carbohydrate stimulus
58797,58797,salivary gland cavitation
58800,58800,Blood oestrogen increased
58850,58850,carbohydrate catabolic process
58890,58890,SPART-AS1
58910,58910,positive regulation of Arp2/3 complex-mediated actin nucleation
58912,58912,Vestibular neuronitis
58925,58925,Eslicarbazepine
58929,58929,Salivary gland pain
58956,58956,BCAR3
58992,58992,negative regulation of meiotic chromosome separation
59001,59001,Nelarabine
59005,59005,HCAR1
59015,59015,cellular response to follicle-stimulating hormone stimulus
59041,59041,CDH16
59061,59061,RNF187
59074,59074,Hoarseness
59079,59079,SNAR-B2
59091,59091,Vestibular ataxia
59095,59095,Arthralgia aggravated
59110,59110,positive regulation of extracellular matrix assembly
59119,59119,Narasin
59138,59138,ARSK
59144,59144,regulation of systemic arterial blood pressure by baroreceptor feedback
59151,59151,ARL14
59156,59156,regulation of apoptotic cell clearance
59158,59158,ara
59182,59182,Losartan
59202,59202,ARHGEF9-IT1
59208,59208,celiac artery
59211,59211,SCARNA16
59215,59215,Mean arterial pressure
59234,59234,cellular response to amine stimulus
59238,59238,ARHGEF38
59283,59283,Solar dermatitis
59315,59315,cardiac myofibril assembly
59323,59323,Postpartum haemorrhage
59327,59327,PARK12
59340,59340,Cardiac fibrillation
59403,59403,CIBAR1P1
59411,59411,ARMC2-AS1
59457,59457,insulin-responsive compartment
59479,59479,cellular response to magnetism
59504,59504,Hypertrophy of breast
59532,59532,learned vocalization behavior or vocal learning
59541,59541,semicircular canal formation
59554,59554,purine nucleotide-sugar transmembrane transport
59589,59589,pyrroline-5-carboxylate reductase activity
59599,59599,cellular response to salt
59602,59602,regulation of protein linear polyubiquitination
59623,59623,TP53INP1
59653,59653,Pharyngeal haemorrhage
59663,59663,cellular response to peptidoglycan
59694,59694,HAR1B
59738,59738,regulation of inner ear auditory receptor cell differentiation
59758,59758,AARS2
59759,59759,growth plate cartilage chondrocyte morphogenesis
59779,59779,RNF139-AS1
59785,59785,DNF1
59788,59788,regulation of Arp2/3 complex-mediated actin nucleation
59790,59790,Pericarditis constrictive
59792,59792,IARS1
59794,59794,regulation of cellular response to heat
59796,59796,Chek2
59804,59804,SMARCB1
59811,59811,ARSFP1
59832,59832,cardiac atrium
59842,59842,regulation of systemic arterial blood pressure by vasopressin
59848,59848,bipolar disorder
59855,59855,quaternary ammonium group transmembrane transporter activity
59890,59890,estrogen receptor activity
59903,59903,nuclear pericentric heterochromatin
59935,59935,PCDH11Y
59995,59995,Atrioventricular block second degree
60002,60002,Valsartan
60012,60012,positive regulation of cellular response to insulin stimulus
60052,60052,ARIH2
60062,60062,bicarbonate transport
60118,60118,Ventricular dysfunction
60143,60143,external ear
60153,60153,neuroblast division in subventricular zone
60172,60172,Spondyloarthropathy
60193,60193,Breast calcifications
60217,60217,regulation of cell proliferation involved in heart valve morphogenesis
60268,60268,Atrioventricular block first degree
60274,60274,ARF3
60282,60282,ZNF136
60293,60293,Binding of TCF/LEF:CTNNB1 to target gene promoters
60314,60314,lipoprotein particle mediated signaling
60320,60320,Samarium (153Sm) lexidronam
60332,60332,embryonic heart tube development
60343,60343,ARPC1BP1
60352,60352,cardiac vascular smooth muscle cell differentiation
60366,60366,cytoplasmic side of early endosome membrane
60394,60394,nuclear matrix organization
60400,60400,Arcus lipoides
60427,60427,hard palate
60454,60454,ARR1
60464,60464,Abnormal involuntary movements
60490,60490,Carbohydrate craving
60497,60497,SRP-dependent cotranslational protein targeting to membrane
60522,60522,cellular response to electrical stimulus
60580,60580,cellular response to DNA damage stimulus
60592,60592,Atrial tachycardia
60594,60594,cardiac endothelial cell differentiation
60646,60646,positive regulation of leukocyte adhesion to vascular endothelial cell
60647,60647,Heart malformation
60659,60659,negative regulation of systemic arterial blood pressure
60697,60697,Decreased Parasympathetic Acetylcholine Activity
60701,60701,Nitarsone
60729,60729,LARP4P
60738,60738,cellular response to staurosporine
60749,60749,cell communication involved in cardiac conduction
60769,60769,high-density lipoprotein particle assembly
60792,60792,RNF152P1
60794,60794,Ventricular hypokinesia
60817,60817,SCAR3
60829,60829,ZNF18
60862,60862,NARS2
60866,60866,perisynaptic extracellular matrix
60897,60897,ARHGAP9
60907,60907,Parkinsonism
60917,60917,ART3
60924,60924,cellular response to corticosteroid stimulus
60935,60935,SNARE complex disassembly
60970,60970,Sterols are 12-hydroxylated by CYP8B1
60981,60981,TARS1
60994,60994,regulation of cellular response to insulin stimulus
61008,61008,NARS1P2
61009,61009,cardiac myofibril
61017,61017,Carbon Radioisotopes
61020,61020,cardiac chamber formation
61028,61028,L-aspartate:2-oxoglutarate aminotransferase activity
61035,61035,arginine metabolic process
61058,61058,cellular response to heat
61072,61072,primary alcohol biosynthetic process
61116,61116,MicroRNAs in cardiomyocyte hypertrophy
61132,61132,SNAR-B1
61192,61192,"intramolecular oxidoreductase activity, transposing C=C bonds"
61210,61210,Cerebrovascular disorder
61237,61237,MTARC1
61262,61262,ARHGEF40
61282,61282,Infarction mesenteric
61295,61295,primary prostatic bud elongation
61298,61298,Hair Follicle Development: Induction (Part 1 of 3)
61324,61324,MAP2K4
61329,61329,ARHGAP27P1
61349,61349,SNAR-A8
61364,61364,Genitourinary tract infection
61402,61402,ARPC3P1
61416,61416,Areflexia
61425,61425,Ocular toxicity
61433,61433,SARS1
61479,61479,negative regulation of cardiac muscle tissue development
61482,61482,AP1AR
61491,61491,Arzoxifene
61502,61502,Erythema annulare centrifugum
61525,61525,Oropharyngeal candidiasis
61546,61546,mitotic chromosome movement towards spindle pole
61571,61571,peptidyl-aspartic acid modification
61586,61586,"carbon-oxygen lyase activity, acting on phosphates"
61596,61596,Quaternary Ammonium Compounds
61601,61601,regulation of cellular carbohydrate metabolic process
61651,61651,negative regulation of cellular component movement
61657,61657,high-density lipoprotein particle binding
61658,61658,Bacterial disease carrier
61661,61661,synapse-associated extracellular matrix
61676,61676,amyloid-beta clearance
61686,61686,Benzylparaben
61722,61722,one-carbon metabolic process
61750,61750,Rash papular
61754,61754,cellular response to hepatocyte growth factor stimulus
61765,61765,cellular response to luteinizing hormone stimulus
61772,61772,PARP3
61774,61774,Arterial occlusion
61801,61801,Parkinson's disease aggravated
61813,61813,relaxation of cardiac muscle
61847,61847,Sudden cardiac death
61859,61859,RRB1
61861,61861,cellular iron ion homeostasis
61868,61868,eukaryotic translation elongation factor 1 complex
61875,61875,arginine binding
61895,61895,plasma lipoprotein particle remodeling
61929,61929,Aortic arteriosclerosis
61943,61943,cellular response to bacterial lipopeptide
61950,61950,ovarian follicle development
61977,61977,ARL2BPP8
61985,61985,Incessant ventricular tachycardia
62024,62024,Eschar
62028,62028,EARS2
62051,62051,negative regulation of vascular endothelial growth factor receptor signaling pathway
62093,62093,Disseminated intravascular coagulation
62110,62110,nuclear retention of pre-mRNA at the site of transcription
62115,62115,ARMCX7P
62137,62137,farnesyl diphosphate metabolic process
62139,62139,Post procedural discharge
62143,62143,Ear haemorrhage
62179,62179,cellular amino acid biosynthetic process
62297,62297,positive regulation of cartilage development
62302,62302,ZNF143
62314,62314,monocarboxylate:sodium symporter activity
62339,62339,renal artery morphogenesis
62350,62350,TARBP1
62353,62353,GAR1
62363,62363,malaria
62395,62395,Pulmonary embolism
62401,62401,heart contraction
62435,62435,Arsenic trioxide
62436,62436,RARRES2P11
62472,62472,Signaling events mediated by VEGFR1 and VEGFR2
62474,62474,Vancomycin
62475,62475,mitotic nuclear division
62486,62486,cellular response to dexamethasone stimulus
62536,62536,carnitine shuttle
62548,62548,primary neural tube formation
62569,62569,Dihydrostreptomycin
62573,62573,endoplasmic reticulum-Golgi intermediate compartment
62589,62589,ARG7
62599,62599,regulation of autophagy of mitochondrion in response to mitochondrial depolarization
62633,62633,Pain in arm
62695,62695,MARK2P2
62711,62711,PRKAR1B
62751,62751,VARS2
62752,62752,NARF-AS1
62756,62756,ARMC8P1
62840,62840,Atm
62864,62864,negative regulation of arginine catabolic process
62884,62884,Nicardipine
62893,62893,sarcoplasmic reticulum
62901,62901,primary sex determination
62906,62906,cellular response to fibroblast growth factor stimulus
62930,62930,Arp2/3 protein complex
62942,62942,ARHGAP5
62957,62957,NCRUPAR
62966,62966,ciliary base
62971,62971,ARHGEF33
62988,62988,Pulmonary hypertension
62996,62996,STARD7
63036,63036,CFLAR-AS1
63048,63048,cerebellar mossy fiber
63067,63067,Electrocardiogram ST-T segment abnormal
63133,63133,RARB
63184,63184,SARDH
63195,63195,larynx
63201,63201,ZNF101P2
63204,63204,Formation of annular gap junctions
63220,63220,host intracellular part
63231,63231,cell proliferation involved in heart morphogenesis
63240,63240,aromatic amino acid family metabolic process
63263,63263,RAD51AP1
63300,63300,Oestrogenic effect
63337,63337,Vorapaxar
63402,63402,Ocular hyperaemia
63449,63449,negative regulation of cardiac epithelial to mesenchymal transition
63472,63472,nicotinate-nucleotide diphosphorylase (carboxylating) activity
63502,63502,positive regulation of epithelial to mesenchymal transition involved in endocardial cushion formation
63519,63519,negative regulation of molecular function in other organism
63539,63539,TIGAR
63541,63541,tertiary branching involved in mammary gland duct morphogenesis
63553,63553,Netarsudil
63594,63594,nuclear polyadenylation-dependent rRNA catabolic process
63601,63601,pulmonary valve formation
63621,63621,regulation of neuron projection arborization
63623,63623,EPHA forward signaling
63643,63643,MARK2P16
63664,63664,DYNLRB1
63714,63714,cellular response to resveratrol
63740,63740,"preribosome, large subunit precursor"
63775,63775,dendrite arborization
63819,63819,Injection site paraesthesia
63821,63821,response to carbon monoxide
63853,63853,establishment or maintenance of bipolar cell polarity
63858,63858,Phase 0 - rapid depolarisation
63876,63876,Polycystic ovaries
63880,63880,positive regulation of vascular smooth muscle cell proliferation
63886,63886,positive regulation of vascular associated smooth muscle cell migration
63895,63895,Attachment of GPI anchor to uPAR
63911,63911,"nuclear-transcribed mRNA catabolic process, nonsense-mediated decay"
63926,63926,Ventricular failure
63957,63957,vascular endothelial cell response to fluid shear stress
63964,63964,cellular response to blue light
63985,63985,paramesonephric duct development
63990,63990,Downregulation of ERBB2 signaling
63991,63991,MARK2P8
64005,64005,Renal infarct
64008,64008,cellular water homeostasis
64028,64028,extracellular structure organization
64105,64105,carbonyl reductase (NADPH) activity
64119,64119,ARHGAP28
64132,64132,ARHGEF10
64140,64140,negative regulation of Wnt signaling pathway involved in heart development
64143,64143,regulation of cardiac muscle contraction by calcium ion signaling
64154,64154,Paraplegia
64171,64171,RNF126P1
64215,64215,cardiac left ventricle formation
64242,64242,Calcium carbimide
64274,64274,KAR3
64327,64327,Carbimazole
64329,64329,"regulation of nuclear-transcribed mRNA catabolic process, deadenylation-dependent decay"
64335,64335,NF1P7
64404,64404,FARSB
64454,64454,establishment or maintenance of actin cytoskeleton polarity
64463,64463,cellular response to camptothecin
64497,64497,Golgi apparatus mannose trimming
64499,64499,Mycobacterial infection
64513,64513,Bronchopulmonary dysplasia
64531,64531,Ticarcillin
64539,64539,cerebellar cortex formation
64566,64566,Activation of PPARGC1A (PGC-1alpha) by phosphorylation
64571,64571,postsynaptic early endosome
64611,64611,glomerular visceral epithelial cell differentiation
64615,64615,pyrimidine nucleotide-sugar transmembrane transporter activity
64632,64632,Spermatogenesis arrest
64636,64636,Psychomotor retardation
64653,64653,cellular lipid metabolic process
64656,64656,negative regulation of insulin secretion involved in cellular response to glucose stimulus
64662,64662,aromatic compound catabolic process
64689,64689,positive regulation of heart induction
64694,64694,Electrocardiogram QT shortened
64695,64695,Lymphadenopathy axillary
64743,64743,subclavian artery
64762,64762,Vascular headache
64808,64808,negative regulation of vascular endothelial growth factor production
64823,64823,Respiration irregularity
64837,64837,regulation of cellular extravasation
64857,64857,PPARD
64877,64877,Marrow hyperplasia
64884,64884,carbohydrate transmembrane transporter activity
64901,64901,Quadriparesis
64903,64903,early endosome
64945,64945,cellular response to redox state
64951,64951,ARNT
64965,64965,Electrocardiogram ST-T change
64998,64998,Neuromuscular Depolarizing Blockade
65139,65139,TP53 Regulates Metabolic Genes
65150,65150,PGRMC1
65184,65184,Proximal renal tubular acidosis
65187,65187,linear malto-oligosaccharide phosphorylase activity
65198,65198,carboxylic acid transport
65214,65214,regulation of high-density lipoprotein particle assembly
65238,65238,"Gamma carboxylation, hypusine formation and arylsulfatase activation"
65246,65246,Ventricular hypertrophy
65251,65251,regulation of cellular ketone metabolic process by regulation of transcription from RNA polymerase II promoter
65266,65266,metanephric glomerular epithelium development
65268,65268,Bronchopulmonary aspergillosis
65282,65282,negative regulation of mammary gland epithelial cell proliferation
65326,65326,short-chain carboxylesterase activity
65339,65339,Carbonic Anhydrase Inhibitors
65353,65353,paranodal junction
65363,65363,arachidonate-CoA ligase activity
65371,65371,heparin biosynthetic process
65376,65376,regulation of protein targeting
65407,65407,Idiopathic pulmonary fibrosis
65430,65430,ARK1
65443,65443,Muscarinic acetylcholine receptors
65445,65445,Arbutin
65447,65447,Arterial aneurysm
65451,65451,extracellular matrix structural constituent conferring compression resistance
65454,65454,regulation of early endosome to late endosome transport
65512,65512,Large intestine perforation
65513,65513,Tilarginine
65537,65537,intracellular cholesterol transport
65619,65619,ARSH
65626,65626,Capreomycin
65630,65630,epithelial cell differentiation involved in mammary gland alveolus development
65644,65644,CARNMT1
65683,65683,"Urinary Incontinence, Urge"
65686,65686,positive regulation of heart rate by epinephrine-norepinephrine
65718,65718,nuclear hormone receptor binding
65737,65737,Watery diarrhoea
65742,65742,ZNF154
65760,65760,negative regulation of antigen processing and presentation of peptide or polysaccharide antigen via MHC class II
65778,65778,parasympathetic nervous system
65784,65784,atm-1
65793,65793,cellular response to vasopressin
65813,65813,vascular endothelial growth factor-activated receptor activity
65850,65850,LPAR1
65858,65858,ARMC4
65879,65879,ARHGEF7-AS1
65912,65912,Macular pigmentation
65957,65957,basal dendrite arborization
65970,65970,intracellular cAMP-activated cation channel activity
66015,66015,primary dendrite
66068,66068,SCARNA18
66074,66074,ARFGAP1
66085,66085,ARE2
66095,66095,"regulation of vesicle targeting, to, from or within Golgi"
66096,66096,nuclear replication fork
66107,66107,CDH19
66120,66120,MARCHF2
66125,66125,regulation of SNARE complex assembly
66160,66160,GAREM2
66168,66168,negative regulation of cardiac conduction
66222,66222,multivesicular body-lysosome fusion
66275,66275,regulation of cilium beat frequency involved in ciliary motility
66281,66281,protein-arginine omega-N symmetric methyltransferase activity
66285,66285,TARID
66290,66290,VEGFA-VEGFR2 Pathway
66309,66309,FARSBP1
66319,66319,Cinnarizine
66341,66341,peptidyl-asparagine modification
66345,66345,protein transport from ciliary membrane to plasma membrane
66407,66407,MARK4
66408,66408,cardiac right ventricle formation
66428,66428,negative regulation of heart growth
66435,66435,IL12RB1
66487,66487,arachidonate transport
66510,66510,positive regulation of inward rectifier potassium channel activity
66515,66515,regulation of cardiac muscle cell contraction
66519,66519,ARHGAP23
66531,66531,"oxidoreductase activity, acting on the CH-OH group of donors, quinone or similar compound as acceptor"
66537,66537,Parotid gland inflammation
66540,66540,Carprofen
66541,66541,protein linear deubiquitination
66555,66555,membrane repolarization during ventricular cardiac muscle cell action potential
66556,66556,regulation of aspartic-type peptidase activity
66573,66573,cochlear nerve
66644,66644,CARD18
66673,66673,regulation of membrane depolarization during action potential
66688,66688,protein farnesyltransferase complex
66719,66719,Rash maculo-papular
66726,66726,ERMARD
66736,66736,KAR9
66745,66745,Parkinsonian rest tremor
66755,66755,cellular response to interleukin-17
66759,66759,Cardiac arrest
66771,66771,sequestering of extracellular ligand from receptor
66782,66782,ARL13B
66791,66791,Myc
66804,66804,Breast neoplasm
66805,66805,regulation of cardiac muscle cell differentiation
66820,66820,Microvascular Angina
66864,66864,oxygen carrier activity
66875,66875,T follicular helper cell differentiation
66908,66908,Carotid pulse
66993,66993,cellular response to menadione
67004,67004,dental caries
67008,67008,regulation of barbed-end actin filament capping
67025,67025,cellular response to alkaloid
67042,67042,intracellular sodium activated potassium channel activity
67043,67043,maintenance of permeability of blood-brain barrier
67056,67056,response to rapamycin
67065,67065,"vesicle targeting, to, from or within Golgi"
67072,67072,regulation of sarcomere organization
67157,67157,ZNF189
67171,67171,signal recognition particle binding
67175,67175,C5AR2
67183,67183,carboxyl-O-methyltransferase activity
67185,67185,Aphakic cystoid macular oedema
67199,67199,regulation of metanephric glomerular mesangial cell proliferation
67229,67229,Lumbar radiculopathy
67235,67235,cellular response to antibiotic
67241,67241,Dronedarone
67282,67282,negative regulation of intracellular lipid transport
67290,67290,E3 ubiquitin ligases ubiquitinate target proteins
67293,67293,establishment of blood-nerve barrier
67299,67299,nuclear cyclin-dependent protein kinase holoenzyme complex
67302,67302,YAR029W
67306,67306,"ligase activity, forming carbon-nitrogen bonds"
67356,67356,cerebellar Purkinje cell layer maturation
67373,67373,low-density lipoprotein particle receptor catabolic process
67375,67375,caveolar macromolecular signaling complex
67424,67424,cellular response to virus
67446,67446,zygomatic arch
67489,67489,protein farnesylation
67490,67490,positive regulation of cardiac epithelial to mesenchymal transition
67514,67514,RXR and RAR heterodimerization with other nuclear receptor
67518,67518,Application site paraesthesia
67546,67546,cellular response to granulocyte macrophage colony-stimulating factor stimulus
67562,67562,carboxyl- or carbamoyltransferase activity
67584,67584,HARBI1
67590,67590,protein targeting to mitochondrion
67610,67610,PGR-AS1
67615,67615,SCARNA3
67625,67625,"Hearing Loss, Conductive"
67632,67632,"Cardiac Output, Low"
67673,67673,cellular response to interleukin-6
67680,67680,Abarelix
67720,67720,TP53TG3HP
67749,67749,Oropharyngeal blistering
67753,67753,Eukaryotic Translation Elongation
67769,67769,Breast discharge
67830,67830,regulation of extracellular matrix disassembly
67839,67839,PPARA activates gene expression
67861,67861,Generalized macular rash
67885,67885,regulation of intracellular pH
67888,67888,arylsulfatase activity
67919,67919,FAR7
67938,67938,ARHGDIB
67949,67949,Cardiac death
67951,67951,CDH11
67981,67981,oligosaccharyltransferase complex
67987,67987,nuclear receptor binding
68009,68009,APC/C:Cdh1 mediated degradation of Cdc20 and other APC/C:Cdh1 targeted proteins in late mitosis/early G1
68012,68012,negative regulation of inner ear auditory receptor cell differentiation
68030,68030,oligosaccharyl transferase activity
68049,68049,TFs Regulate miRNAs related to cardiac hypertrophy
68056,68056,Paraesthesia
68067,68067,lipoprotein particle
68112,68112,"regulation of Wnt signaling pathway, planar cell polarity pathway"
68119,68119,MARCKS
68142,68142,response to lipopolysaccharide
68146,68146,Cardiac murmur
68149,68149,ubiquitin-dependent protein catabolic process via the multivesicular body sorting pathway
68165,68165,STARD7-AS1
68171,68171,lacrimal apparatus
68183,68183,Paresis
68185,68185,membrane repolarization during action potential
68231,68231,Breast disorder female
68233,68233,"3-methylcrotonyl-CoA carboxylase complex, mitochondrial"
68248,68248,negative regulation of endothelial cell chemotaxis to vascular endothelial growth factor
68253,68253,positive regulation of vascular smooth muscle cell dedifferentiation
68256,68256,regulation of membrane repolarization during atrial cardiac muscle cell action potential
68263,68263,cerebellar granular layer formation
68291,68291,peptidyl-arginine N-methylation
68317,68317,Rectal discharge
68334,68334,TERB1
68342,68342,modulation by symbiont of host molecular function
68378,68378,endocardial cushion fusion
68388,68388,non-canonical Wnt signaling pathway involved in heart development
68403,68403,ARSC2
68404,68404,mammary duct terminal end bud growth
68415,68415,Cardiac failure congestive
68419,68419,heparin metabolic process
68422,68422,alpha-L-arabinofuranosidase activity
68442,68442,negative regulation of cardiac muscle hypertrophy in response to stress
68479,68479,cellular cation homeostasis
68490,68490,carbohydrate:proton symporter activity
68505,68505,biotin carboxylase activity
68509,68509,atrioventricular node cell development
68514,68514,Selective Estrogen Receptor Modulators
68529,68529,Dimethyl fumarate
68531,68531,multicellular organismal signaling
68580,68580,nuclear localization sequence binding
68587,68587,HARS2
68592,68592,mononuclear cell differentiation
68607,68607,low-density lipoprotein particle remodeling
68624,68624,Coarctation of the aorta
68684,68684,Left ventricular hypertrophy
68691,68691,nuclear pore localization
68697,68697,ulnar artery
68704,68704,IkBA variant leads to EDA-ID
68706,68706,brachiocephalic artery
68744,68744,Ovarian cancer
68745,68745,Sarafloxacin
68790,68790,Interconversion of 2-oxoglutarate and 2-hydroxyglutarate
68810,68810,malate dehydrogenase (decarboxylating) (NAD+) activity
68818,68818,Plantar warts
68827,68827,Degarelix
68830,68830,Vpr-mediated nuclear import of PICs
68834,68834,Ubidecarenone
68838,68838,cardiac fibroblast cell differentiation
68863,68863,regulation of leukocyte adhesion to vascular endothelial cell
68879,68879,Efrotomycin
68886,68886,FAR/SIN/STRIPAK complex
68902,68902,Aspartate and asparagine metabolism
68903,68903,basilar artery
68944,68944,Arteriospasm coronary
68958,68958,splenic artery
68960,68960,protein localization to pericentriolar material
68992,68992,MYCN
69037,69037,positive regulation of membrane repolarization during cardiac muscle cell action potential
69056,69056,Movements involuntary
69074,69074,ARHGEF6
69079,69079,cardiac muscle tissue regeneration
69124,69124,ARHGEF38-IT1
69223,69223,nuclear membrane microtubule tethering complex
69236,69236,ARPC3P3
69270,69270,adenylate cyclase-activating adrenergic receptor signaling pathway involved in heart process
69282,69282,Left ventricular failure
69299,69299,negative regulation of vascular wound healing
69336,69336,Pancreatic carcinoma
69347,69347,Foscarnet
69348,69348,Electrocardiogram repolarisation abnormality
69365,69365,ARPP19P2
69367,69367,ARID1A
69368,69368,Heart Murmurs
69384,69384,epicardium-derived cardiac fibroblast cell differentiation
69430,69430,carbohydrate metabolic process
69450,69450,Palb2
69454,69454,posterior cerebral artery
69461,69461,ovarian cumulus expansion
69463,69463,kinociliary basal body
69492,69492,centriolar satellite
69500,69500,Plasma membrane estrogen receptor signaling
69511,69511,methylarsonate reductase activity
69519,69519,Ventricular arrhythmia
69525,69525,cellular response to tumor necrosis factor
69542,69542,arachnoid mater
69550,69550,regulation of intracellular calcium activated chloride channel activity
69571,69571,RARS1P1
69588,69588,RNF166
69615,69615,Electrocardiogram QT interval abnormal
69619,69619,Narcolepsy
69627,69627,positive regulation of cardiac muscle tissue growth
69696,69696,extracellular exosome biogenesis
69703,69703,phagolysosome assembly involved in apoptotic cell clearance
69766,69766,positive regulation of antigen processing and presentation of peptide or polysaccharide antigen via MHC class II
69768,69768,positive regulation of the force of heart contraction
69789,69789,PTGES3L-AARSD1
69792,69792,outward rectifier potassium channel activity
69802,69802,negative regulation of cellular amine catabolic process
69827,69827,membrane depolarization during Purkinje myocyte cell action potential
69842,69842,regulation of cartilage development
69848,69848,Pulmonary thrombosis
69853,69853,thelarche
69862,69862,ARL4AP1
69867,69867,negative regulation of extracellular matrix assembly
69879,69879,Choriocarcinoma
69892,69892,calcium ion import into sarcoplasmic reticulum
69893,69893,ARHGAP16P
69900,69900,protein transmembrane import into intracellular organelle
69901,69901,mammary gland bud formation
69928,69928,VEGFR2 mediated cell proliferation
69947,69947,SPART
69955,69955,ARL14EPP1
69970,69970,Arterial stenosis limb
69982,69982,D-aspartate transport
69992,69992,heart process
69993,69993,Sodium carbonate
70013,70013,Oromandibular dystonia
70046,70046,nuclear inner membrane
70076,70076,chronic obstructive pulmonary disease
70077,70077,positive regulation of cellular response to drug
70096,70096,Application site discharge
70138,70138,Arteritis
70156,70156,Premature separation of placenta
70172,70172,dicarboxylic acid catabolic process
70186,70186,Urticaria recurrent
70188,70188,Ocular vascular disorder
70213,70213,Ovarian hyperstimulation
70240,70240,BRCATA
70257,70257,SNAR-A7
70306,70306,Heartburn
70327,70327,Allergic urticaria
70344,70344,nuclear speck organization
70348,70348,cellular response to arsenic-containing substance
70362,70362,membrane depolarization
70375,70375,Varicella zoster
70378,70378,Cariprazine
70391,70391,positive regulation of heart rate
70397,70397,BBSome-mediated cargo-targeting to cilium
70402,70402,cardiac muscle cell membrane repolarization
70425,70425,LPAR6
70472,70472,ATMIN
70491,70491,Secretion of Hydrochloric Acid in Parietal Cells
70507,70507,regulation of branching involved in salivary gland morphogenesis by mesenchymal-epithelial signaling
70509,70509,Arf6 signaling events
70519,70519,PPAR Alpha Pathway
70526,70526,mycotoxin metabolic process
70533,70533,cellular glucuronidation
70571,70571,ARHGEF35-AS1
70621,70621,cardiac muscle tissue growth involved in heart morphogenesis
70677,70677,regulation of heart rate by cardiac conduction
70710,70710,ARL3
70713,70713,ARHGAP42
70731,70731,"oxidoreductase activity, acting on paired donors, with incorporation or reduction of molecular oxygen, 2-oxoglutarate as one donor, and incorporation of one atom each of oxygen into both donors"
70759,70759,MAP3K15
70770,70770,arachidonic acid epoxygenase activity
70792,70792,ARNT2
70796,70796,ARMD10
70817,70817,MARK2P10
70821,70821,Electrocardiogram U wave present
70853,70853,"Wnt signaling pathway, planar cell polarity pathway"
70856,70856,vesicle fusion with Golgi apparatus
70861,70861,establishment of apical/basal cell polarity
70868,70868,RNF141
70899,70899,cardiolipin acyl-chain remodeling
70904,70904,ARLNC1
70915,70915,Hearing Loss
70959,70959,salivary gland morphogenesis
70971,70971,disaccharide metabolic process
70987,70987,Mycobacterium avium complex infection
71055,71055,paraspeckles
71067,71067,extracellular membrane-bounded organelle
71069,71069,acyl-[acyl-carrier-protein] hydrolase activity
71079,71079,carpal region
71084,71084,trochlear nerve
71087,71087,MGARP
71155,71155,Genitourinary Arterial Vasodilation
71170,71170,visual learning
71175,71175,"hydrolase activity, acting on carbon-nitrogen (but not peptide) bonds, in linear amidines"
71195,71195,follicular fluid
71218,71218,Urticaria localised
71222,71222,ART2BP
71223,71223,multi-organism nuclear import
71231,71231,Arf6 downstream pathway
71245,71245,ZNF138
71272,71272,TAAR2
71275,71275,Learning disorder
71335,71335,nuclear telomere cap complex
71336,71336,Paresis
71339,71339,Electrocardiogram PR prolongation
71359,71359,idiopathic pulmonary fibrosis
71428,71428,ear
71434,71434,Parp1
71464,71464,Specific Learning Disorder
71515,71515,PPAR gamma
71538,71538,SAR1AP2
71570,71570,cellular response to gonadotropin stimulus
71580,71580,SCARNA11
71672,71672,amino sugar catabolic process
71678,71678,carboxylic acid binding
71689,71689,Formation of the Early Elongation Complex
71706,71706,cellular response to lithium ion
71713,71713,muscle cell cellular homeostasis
71752,71752,hepatic artery
71768,71768,Pericarditis
71848,71848,ARL6IP1P3
71854,71854,Carboxin
71890,71890,paracrine signaling
71893,71893,BARHL2
71903,71903,Signaling by ERBB2
71910,71910,Vocal cord paresis
71925,71925,Arteriolar Vasodilation
71943,71943,Transcription of E2F targets under negative control by p107 (RBL1) and p130 (RBL2) in complex with HDAC1
71964,71964,Electrocardiogram QRS complex
71998,71998,CDH12P4
71999,71999,cellular extravasation
72005,72005,Carteolol
72037,72037,Chylomicron clearance
72040,72040,cellular response to interleukin-12
72052,72052,cellular response to mineralocorticoid stimulus
72061,72061,ERV3-1-ZNF117
72077,72077,carboxylic acid-transporting ATPase activity
72087,72087,artery development
72105,72105,protein farnesyltransferase activity
72131,72131,Baricitinib
72167,72167,Cardiac output increased
72172,72172,pericardium
72191,72191,SMARCC2
72201,72201,negative regulation of inward rectifier potassium channel activity
72215,72215,cardiac neural crest cell development involved in heart development
72225,72225,Blepharoconjunctivitis
72238,72238,secretory columnal luminar epithelial cell differentiation involved in prostate glandular acinus development
72248,72248,regulation of early endosome to recycling endosome transport
72252,72252,growth plate cartilage morphogenesis
72259,72259,RNF149
72263,72263,ARHGAP42P1
72286,72286,ciliary basal body
72296,72296,TP53RK
72301,72301,RNF185
72354,72354,granular vesicle
72386,72386,A tetrasaccharide linker sequence is required for GAG synthesis
72389,72389,extracellular matrix
72393,72393,cellular response to cocaine
72419,72419,cellular response to arsenite ion
72433,72433,Pleuropericarditis
72436,72436,Arachidonate production from DAG
72450,72450,Cell-extracellular matrix interactions
72455,72455,RNF14P4
72464,72464,PGRMC2
72477,72477,negative regulation of vascular associated smooth muscle cell migration
72497,72497,regulation of transcription involved in primary germ layer cell fate commitment
72517,72517,Coronary artery stenosis
72533,72533,Cerebrovascular insufficiency
72552,72552,SCARF2
72584,72584,One Carbon Metabolism
72611,72611,negative regulation of intracellular transport of viral material
72616,72616,ARMT1
72618,72618,HELLPAR
72669,72669,Rash follicular
72679,72679,ZNF135
72689,72689,eukaryotic translation initiation factor 2 complex
72693,72693,intracellular region of host
72694,72694,low-density lipoprotein particle
72698,72698,Echocardiogram abnormal
72708,72708,sugar-phosphatase activity
72718,72718,follicular B cell differentiation
72772,72772,Perioral paraesthesia
72861,72861,TP53TG3B
72880,72880,CHEK2P5
72896,72896,mononuclear cell proliferation
72921,72921,ARL2BPP9
72956,72956,Muscle contractions involuntary
72961,72961,SCARA5
72971,72971,nuclear mRNA surveillance of spliceosomal pre-mRNA splicing
72973,72973,Pericardial effusion
72984,72984,ARHGAP32
72988,72988,positive regulation of transcription from RNA polymerase II promoter involved in myocardial precursor cell differentiation
73021,73021,regulation of Notch signaling pathway involved in heart induction
73027,73027,immune complex clearance
73028,73028,Tumour flare
73029,73029,cellular response to acidic pH
73034,73034,Metastatic carcinoma
73044,73044,Pneumocystis carinii infection
73064,73064,tricarboxylic acid transport
73074,73074,TARM1
73091,73091,carboxylic acid biosynthetic process
73093,73093,Papanicolaou smear suspicious
73108,73108,TARS3
73112,73112,Disturbance in sexual arousal
73114,73114,Ventricular extrasystoles
73149,73149,Paradoxical pressor response
73155,73155,perinuclear endoplasmic reticulum
73171,73171,other organism part
73173,73173,regulation of ventricular cardiac muscle cell action potential
73181,73181,positive regulation of lipopolysaccharide-mediated signaling pathway
73202,73202,regulation of heparan sulfate proteoglycan biosynthetic process
73238,73238,nuclear receptor activity
73248,73248,glutamate decarboxylase activity
73252,73252,negative regulation of vascular smooth muscle contraction
73256,73256,ARF4P5
73302,73302,ART2P
73314,73314,IARS2P1
73315,73315,vascular endothelial growth factor binding
73321,73321,heart formation
73352,73352,Ovarian cyst
73378,73378,TARBP2P1
73398,73398,regulation of production of molecular mediator of immune response
73401,73401,dichotomous subdivision of terminal units involved in salivary gland branching
73416,73416,Cargo recognition for clathrin-mediated endocytosis
73452,73452,positive regulation of artery morphogenesis
73470,73470,cellular response to mycophenolic acid
73471,73471,ARMC9
73476,73476,nucleocytoplasmic carrier activity
73490,73490,AKT1S1
73491,73491,Pituitary microadenoma
73503,73503,regulation of lipoprotein particle clearance
73512,73512,PARVG
73517,73517,Breast oedema
73519,73519,SNAR-D
73521,73521,regulation of intracellular estrogen receptor signaling pathway
73524,73524,BANF1P2
73526,73526,ZNF114-AS1
73534,73534,truncus arteriosus
73600,73600,Breast cancer invasive NOS
73629,73629,ARE1
73639,73639,regulation of cellular carbohydrate catabolic process
73647,73647,cellular response to nerve growth factor stimulus
73674,73674,External ear disorder
73697,73697,MARK2P11
73727,73727,SETMAR
73730,73730,Embolism arterial
73747,73747,cellular response to vitamin D
73766,73766,nuclear SCF ubiquitin ligase complex
73777,73777,Patent ductus arteriosus
73787,73787,par-6
73829,73829,Lenticular opacities
73904,73904,cap-independent translational initiation of linear mRNA
73906,73906,regulation of mammary gland involution
73930,73930,FAR2P3
73972,73972,neurological system process involved in regulation of systemic arterial blood pressure
74003,74003,cellular sodium ion homeostasis
74004,74004,formation of primary germ layer
74013,74013,Increased Large Intestinal Motility
74062,74062,regulation of supramolecular fiber organization
74064,74064,regulation of planar cell polarity pathway involved in axis elongation
74105,74105,ZNF174
74114,74114,Aripiprazole lauroxil
74122,74122,radial artery
74123,74123,Urinary sediment present
74127,74127,primary miRNA binding
74136,74136,negative regulation of cellular amide metabolic process
74139,74139,Carotid sinus hypersensitivity
74199,74199,PARP2
74203,74203,ARO9
74227,74227,axoneme part
74229,74229,Vaginal mycosis
74275,74275,regulation of cardiac muscle contraction
74276,74276,Heart Development
74298,74298,parkin-mediated stimulation of mitophagy in response to mitochondrial depolarization
74313,74313,carbon-sulfur lyase activity
74318,74318,dicarboxylic acid biosynthetic process
74335,74335,heart trabecula morphogenesis
74354,74354,protein localization to paranode region of axon
74360,74360,ARMC4P1
74376,74376,SMARCE1P5
74396,74396,MAP2K4P1
74415,74415,extracellular polysaccharide metabolic process
74426,74426,SHC1 events in EGFR signaling
74429,74429,Purkinje myocyte to ventricular cardiac muscle cell communication
74485,74485,oxoglutarate dehydrogenase complex
74497,74497,"intramolecular transferase activity, phosphotransferases"
74523,74523,Middle ear effusion
74537,74537,Ceftaroline fosamil
74546,74546,endodermal-mesodermal cell signaling involved in heart induction
74564,74564,low-density lipoprotein receptor particle metabolic process
74609,74609,carbohydrate kinase activity
74631,74631,Pseudofolliculitis barbae
74634,74634,cellular amino acid catabolic process
74635,74635,glomerular mesangial cell proliferation
74669,74669,ARO3
74698,74698,vertebral arch joint
74709,74709,atrial cardiac muscle cell development
74714,74714,Plasmodium falciparum infection
74720,74720,Electrocardiogram QT interval
74724,74724,BARX2
74729,74729,endocardial cushion morphogenesis
74738,74738,positive regulation of apoptotic process involved in mammary gland involution
74748,74748,LARP7P2
74749,74749,nuclear lamina
74750,74750,cellular response to radiation
74752,74752,Lithium carbonate
74761,74761,carboxylic acid metabolic process
74770,74770,ZNF146
74784,74784,Chlorphenesin carbamate
74797,74797,Flunarizine
74835,74835,Erythrocytes take up carbon dioxide and release oxygen
74856,74856,Separation
74858,74858,Oleandomycin
74859,74859,heart looping
74871,74871,ARMC10P1
74878,74878,vestibulocochlear nerve structural organization
74916,74916,nuclear meiotic cohesin complex
74928,74928,regulation of cardiocyte differentiation
74992,74992,negative regulation of proteolysis involved in cellular protein catabolic process
75011,75011,mitotic nuclear envelope disassembly
75045,75045,regulation of vascular endothelial growth factor signaling pathway
75049,75049,assembly of large subunit precursor of preribosome
75057,75057,positive regulation of cell proliferation in bone marrow
75094,75094,carbamoyl-phosphate synthase (glutamine-hydrolyzing) activity
75097,75097,arm
75102,75102,Pharyngitis ulcerative
75119,75119,regulation of natural killer cell mediated cytotoxicity directed against tumor cell target
75137,75137,quaternary ammonium group transport
75150,75150,Cyanotic heart disease
75172,75172,RNF19B
75185,75185,Temporomandibular joint syndrome
75198,75198,PRKAR1AP1
75205,75205,Methylphenobarbital
75238,75238,regulation of low-density lipoprotein particle clearance
75247,75247,NF1P2
75265,75265,Downregulation of ERBB2:ERBB3 signaling
75276,75276,TARDBPP2
75298,75298,Haemorrhagic urticaria
75311,75311,Restrictive cardiomyopathy
75312,75312,Grb2-EGFR complex
75352,75352,PARP14
75385,75385,Cranial nerve paralysis
75386,75386,ARMCX1
75421,75421,Lipid particle organization
75436,75436,parallel fiber to Purkinje cell synapse
75446,75446,Salivary hypersecretion
75477,75477,ARP7
75491,75491,RUNX1 interacts with co-factors whose precise effect on RUNX1 targets is not known
75498,75498,trachea cartilage morphogenesis
75499,75499,protein localization to bicellular tight junction
75521,75521,regulation of cardiac neural crest cell migration involved in outflow tract morphogenesis
75537,75537,acyl carnitine transmembrane transport
75550,75550,Nuclear signaling by ERBB4
75555,75555,Inner ear infection
75586,75586,RARA
75636,75636,regulation of amyloid-beta clearance
75664,75664,ARL6IP4
75671,75671,cellular response to light stimulus
75674,75674,Cross-presentation of particulate exogenous antigens (phagosomes)
75681,75681,Esr1
75691,75691,coronary vasculature morphogenesis
75801,75801,regulation of establishment of planar polarity involved in neural tube closure
75806,75806,nuclear envelope
75836,75836,eukaryotic 43S preinitiation complex
75851,75851,mammary gland development
75853,75853,cardiac chamber development
75860,75860,growth plate cartilage chondrocyte growth
75866,75866,ARF4P3
75877,75877,ARFGEF3
75883,75883,Wnt signaling pathway involved in heart development
75886,75886,ZNF114P1
75926,75926,SCARNA4
75947,75947,positive regulation of production of molecular mediator of immune response
75999,75999,regulation of systemic arterial blood pressure by norepinephrine-epinephrine
76028,76028,ARAFP3
76044,76044,pharyngeal arch artery morphogenesis
76050,76050,Large intestinal haemorrhage
76051,76051,Salivary gland enlargement
76062,76062,"Formation of the ternary complex, and subsequently, the 43S complex"
76067,76067,junctional sarcoplasmic reticulum membrane
76084,76084,establishment of planar polarity of embryonic epithelium
76087,76087,extraocular skeletal muscle development
76090,76090,vascular endothelial growth factor signaling pathway
76126,76126,positive regulation of intracellular steroid hormone receptor signaling pathway
76145,76145,cellular lipid biosynthetic process
76149,76149,Candesartan cilexetil
76164,76164,establishment of cell polarity
76190,76190,cerebellar Purkinje cell layer structural organization
76226,76226,Acetylcarnitine
76229,76229,Urinary tract disorder
76255,76255,condensed nuclear chromosome outer kinetochore
76317,76317,RAD51AP1P1
76326,76326,Argumentativeness
76331,76331,cell migration involved in endocardial cushion formation
76352,76352,Vascular resistance systemic
76388,76388,calcium-mediated signaling using intracellular calcium source
76456,76456,Pulmonary oedema
76473,76473,intraciliary anterograde transport
76476,76476,Virginiamycin
76537,76537,cellular response to cobalt ion
76543,76543,carotenoid dioxygenase activity
76553,76553,BFAR
76556,76556,Carbon monoxide
76576,76576,Pulmonary ossification
76591,76591,stria vascularis of cochlear duct
76656,76656,extracellularly glycine-gated chloride channel activity
76665,76665,Peritonsillar abscess
76699,76699,cellular response to ATP
76718,76718,CARD6
76723,76723,Reversible hydration of carbon dioxide
76738,76738,condensed nuclear chromosome kinetochore
76739,76739,zona reticularis of adrenal gland
76747,76747,regulation of mitochondrial depolarization
76752,76752,positive regulation of cell migration by vascular endothelial growth factor signaling pathway
76780,76780,FFAR3
76787,76787,cellular response to bleomycin
76800,76800,Nasopharyngitis
76813,76813,RARRES2P4
76841,76841,ARMH3
76842,76842,negative regulation of transcription of nucleolar large rRNA by RNA polymerase I
76879,76879,Myc
76881,76881,nuclear polyadenylation-dependent ncRNA catabolic process
76901,76901,ornithine decarboxylase regulator activity
76911,76911,"farnesyl diphosphate biosynthetic process, mevalonate pathway"
76927,76927,AKT phosphorylates targets in the nucleus
76952,76952,Taste peculiar
76956,76956,positive regulation of vascular permeability
76967,76967,Cardiomyopathy secondary NOS
76998,76998,Vesicular Monoamine Transporter 2 Inhibitors
77024,77024,Maropitant
77032,77032,Artesunate
77046,77046,Supernumerary nipple
77055,77055,SARAF
77059,77059,Breast disorder
77091,77091,FARS2
77099,77099,granular component
77126,77126,smooth endoplasmic reticulum part
77127,77127,Cardiac enzymes increased
77145,77145,Proparacaine
77196,77196,cardiac muscle fiber development
77204,77204,Enlarged clitoris
77233,77233,positive regulation of vascular associated smooth muscle cell apoptotic process
77245,77245,cardiolipin biosynthetic process
77267,77267,Pericardial disease
77277,77277,nuclear chromosome segregation
77302,77302,TARDBP
77333,77333,arginine transmembrane transport
77360,77360,positive regulation of ryanodine-sensitive calcium-release channel activity by adrenergic receptor signaling pathway involved in positive regulation of cardiac muscle contraction
77402,77402,positive regulation of carbohydrate metabolic process
77419,77419,pharyngeal system development
77441,77441,Femoral artery thrombosis
77443,77443,"vacuolar proton-transporting V-type ATPase, V1 domain"
77464,77464,axillary artery
77483,77483,Sustained ventricular tachycardia
77512,77512,cellular amino acid metabolic process
77522,77522,regulation of aspartic-type endopeptidase activity involved in amyloid precursor protein catabolic process
77533,77533,nuclear stress granule
77541,77541,Palmar-plantar erythema
77543,77543,anterior cerebral artery
77579,77579,regulation of cell proliferation involved in heart morphogenesis
77606,77606,cellular response to indole-3-methanol
77608,77608,early endosome to late endosome transport
77613,77613,MAP3K11
77639,77639,Spiramycin
77648,77648,EGFR-dependent Endothelin signaling events
77662,77662,heart field specification
77699,77699,negative regulation of bicellular tight junction assembly
77703,77703,negative regulation of intracellular transport
77711,77711,MYOPARR
77713,77713,MYCT1
77742,77742,Bezoar
77760,77760,Secondary hypertension
77763,77763,cellular response to environmental stimulus
77776,77776,Pilocarpine
77782,77782,REM Sleep Parasomnias
77789,77789,vascular smooth muscle cell differentiation
77800,77800,cellular response to lipid
77804,77804,positive regulation of bicellular tight junction assembly
77821,77821,Clofarabine
77822,77822,Right ventricular failure
77831,77831,TOGARAM1
77866,77866,Activated charcoal
77890,77890,regulation of heart rate
77918,77918,cellular nitrogen compound catabolic process
77925,77925,PARK7
77933,77933,early endosome lumen
77950,77950,Regulation of PTEN mRNA translation
77972,77972,Multiparous
77975,77975,cellular response to iron ion
77993,77993,cellular response to interleukin-15
78002,78002,cell migration involved in heart development
78064,78064,ARIH1
78081,78081,RNF10P1
78083,78083,Acute myocardial infarction
78107,78107,positive regulation of glycogen (starch) synthase activity
78166,78166,round window of inner ear
78168,78168,Vitamin A and Carotenoid Metabolism
78169,78169,Dwarfism
78180,78180,renal artery
78187,78187,CARS1P2
78207,78207,polysaccharide biosynthetic process
78234,78234,Tardive Dyskinesia
78238,78238,malate-aspartate shuttle
78249,78249,Temporal arteritis
78268,78268,LARP1P1
78307,78307,Urinary tract pain
78328,78328,regulation of neuromuscular junction development
78413,78413,nuclear cap binding complex
78438,78438,bone marrow
78511,78511,Arthralgia
78516,78516,intraciliary transport particle
78540,78540,regulation of intracellular transport
78550,78550,nuclear-transcribed mRNA catabolic process
78557,78557,protein carboxylation
78608,78608,RNF19BPX
78628,78628,ear morphogenesis
78657,78657,Bradyarrhythmia
78662,78662,SCARNA20
78688,78688,regulation of cellular component biogenesis
78694,78694,negative regulation of vascular endothelial growth factor signaling pathway
78702,78702,cellular response to diacyl bacterial lipopeptide
78703,78703,L-arginine transmembrane transporter activity
78704,78704,[heparan sulfate]-glucosamine 3-sulfotransferase 3 activity
78705,78705,Subacute bacterial endocarditis
78757,78757,nuclear MIS12/MIND complex
78782,78782,EPHB forward signaling
78792,78792,metanephric glomerular visceral epithelial cell differentiation
78802,78802,PARD6G
78814,78814,MARVELD1
78821,78821,Squamous cell carcinoma of lung
78838,78838,formation of extrachromosomal circular DNA
78851,78851,bronchus cartilage development
78853,78853,regulation of establishment of T cell polarity
78892,78892,cellular detoxification of nitrogen compound
78921,78921,Arteriosclerosis coronary artery
78925,78925,Cardiac Hypertrophic Response
78931,78931,Edaravone
78939,78939,Parkinson's disease
78954,78954,carbohydrate:cation symporter activity
78962,78962,negative regulation of lipopolysaccharide-mediated signaling pathway
78975,78975,Regulation of APC/C activators between G1/S and early anaphase
78991,78991,cellular response to growth factor stimulus
78997,78997,negative regulation of mononuclear cell proliferation
79001,79001,Genitourinary tract neoplasm
79012,79012,urinary tract smooth muscle contraction
79025,79025,tricarboxylic acid transmembrane transport
79039,79039,cardiac muscle tissue development
79047,79047,RAD51B
79060,79060,L-arginine import across plasma membrane
79077,79077,aspartic-type peptidase activity
79086,79086,"nuclear-transcribed mRNA catabolic process, no-go decay"
79109,79109,Validated targets of C-MYC transcriptional repression
79115,79115,TRARG1
79116,79116,asparagine synthase (glutamine-hydrolyzing) activity
79127,79127,Pulmonary valve incompetence
79162,79162,heparin binding
79197,79197,"oxidoreductase activity, acting on paired donors, with incorporation or reduction of molecular oxygen"
79198,79198,CARD8
79211,79211,positive regulation of response to extracellular stimulus
79227,79227,basilar membrane of cochlea
79237,79237,negative regulation of artery morphogenesis
79260,79260,ARHGAP23P1
79271,79271,response to zinc ion starvation
79275,79275,EGFR-AS1
79277,79277,bicellular tight junction
79280,79280,Pulmonary function test decreased
79302,79302,ARHGEF34P
79318,79318,regulation of immune complex clearance by monocytes and macrophages
79353,79353,"hydrolase activity, acting on carbon-nitrogen (but not peptide) bonds, in cyclic amides"
79358,79358,cellular response to high density lipoprotein particle stimulus
79359,79359,Carcinoma testes
79363,79363,carbohydrate derivative transport
79387,79387,Presynaptic depolarization and calcium channel opening
79397,79397,MYCNOS
79432,79432,Embolism arterial (limb)
79492,79492,Artemether
79513,79513,Vascular graft occlusion
79534,79534,cardiac muscle cell myoblast differentiation
79550,79550,fumarate metabolic process
79597,79597,cardiac septum
79674,79674,early endosome to Golgi transport
79679,79679,RNF157
79686,79686,Submandibular mass
79700,79700,response to thapsigargin
79721,79721,cellular protein catabolic process
79728,79728,regulation of cellular response to osmotic stress
79748,79748,maternal process involved in parturition
79769,79769,YAR028W
79782,79782,ciliary body
79806,79806,CBARP
79820,79820,Electrocardiogram ST segment
79823,79823,Smear cervix normal
79824,79824,negative regulation of cellular senescence
79840,79840,biliary system
79899,79899,Ovarian hyperstimulation syndrome
79908,79908,mitotic nuclear envelope reassembly
79934,79934,"SRP-dependent cotranslational protein targeting to membrane, translocation"
79946,79946,"eukaryotic translation initiation factor 3 complex, eIF3m"
79964,79964,SPAAR
79983,79983,Darolutamide
79984,79984,ZNF100
80009,80009,Arachidonate Epoxygenase / Epoxide Hydrolase
80030,80030,Dyspareunia
80032,80032,Macular degeneration
80034,80034,yars-2
80128,80128,membrane depolarization during atrial cardiac muscle cell action potential
80131,80131,Dactinomycin
80144,80144,regulation of progesterone secretion
80150,80150,Vascular stenosis
80154,80154,development of secondary female sexual characteristics
80155,80155,regulation of membrane repolarization
80162,80162,Respiratory Paralysis
80167,80167,cellular response to interleukin-21
80170,80170,Regulation of TP53 Activity through Association with Co-factors
80214,80214,cellular response to methylglyoxal
80252,80252,nuclear matrix anchoring at nuclear membrane
80280,80280,Sudden hearing loss
80295,80295,acetyl-CoA carboxylase activity
80305,80305,NOTCH2 intracellular domain regulates transcription
80325,80325,Phenobarbital
80360,80360,Bleomycin
80372,80372,Removal of aminoterminal propeptides from gamma-carboxylated proteins
80387,80387,regulation of polysaccharide metabolic process
80396,80396,ventricular septum morphogenesis
80399,80399,urinary bladder cancer
80400,80400,apoptotic process involved in heart morphogenesis
80429,80429,carbon dioxide transport
80433,80433,CDH10
80461,80461,negative regulation of multicellular organism growth
80470,80470,Secobarbital
80485,80485,nucleotide-sugar catabolic process
80502,80502,"Dyspnea, Paroxysmal"
80526,80526,ARHGEF16
80534,80534,Pneumopericardium
80536,80536,Electrocardiogram change
80557,80557,regulation of cardioblast proliferation
80570,80570,regulation of carbohydrate metabolic process by regulation of transcription from RNA polymerase II promoter
80594,80594,PTK6 Regulates RTKs and Their Effectors AKT1 and DOK1
80621,80621,Breast pain
80628,80628,mammary gland involution
80643,80643,cellular homeostasis
80648,80648,ARHGEF26
80694,80694,Muscular ventricular septal defect
80701,80701,cellular heat acclimation
80707,80707,arginine transport
80711,80711,Sinus arrhythmia
80727,80727,LARP7P1
80750,80750,parathyroid gland
80752,80752,CARD domain binding
80759,80759,Carfentanil
80761,80761,Vestibular toxicity
80791,80791,Porphyria cutanea tarda
80813,80813,cell cortex part
80820,80820,Monomorphic ventricular tachycardia
80833,80833,cellular component morphogenesis
80840,80840,multinuclear osteoclast differentiation
80865,80865,mammary gland formation
80902,80902,Supraventricular tachycardia
80982,80982,RB1CC1
80984,80984,coumarin metabolic process
81016,81016,"Hearing Loss, High-Frequency"
81058,81058,AARS1P1
81091,81091,Troleandomycin
81119,81119,MARK2P9
81167,81167,glomerular epithelial cell development
81186,81186,PYCARD-AS1
81194,81194,nucleolar part
81248,81248,Infarction
81263,81263,cellular response to macrophage colony-stimulating factor stimulus
81265,81265,regulation of mammary gland epithelial cell proliferation
81267,81267,YAR1
81285,81285,LARP1BP1
81297,81297,GAREM1
81319,81319,regulation of cardiolipin metabolic process
81340,81340,regulation of cardiac muscle hypertrophy
81341,81341,Rhythm idioventricular
81397,81397,carbohydrate transport
81402,81402,NF1
81406,81406,FAR1
81411,81411,integral component of nuclear inner membrane
81427,81427,Hygromycin B
81439,81439,RNF19BPY
81448,81448,Cerebellar oedema
81477,81477,L-aspartate transmembrane transporter activity
81482,81482,Foetal heart rate
81550,81550,cardiac muscle tissue morphogenesis
81573,81573,Mesenteric vascular insufficiency
81576,81576,histone-arginine N-methyltransferase activity
81599,81599,multivesicular body organization
81662,81662,regulation of glomerular mesangial cell proliferation
81714,81714,heparan sulfate proteoglycan metabolic process
81723,81723,regulation of membrane depolarization
81752,81752,arachidonic acid secretion
81755,81755,GPBAR1
81756,81756,Palmar-plantar erythrodysaesthesia syndrome
81757,81757,multicellular organism aging
81765,81765,cellular copper ion homeostasis
81786,81786,Ovarian Infertility Genes
81830,81830,axillary vein
81867,81867,ribosomal large subunit biogenesis
81883,81883,Laryngospasm
81886,81886,aryldialkylphosphatase activity
81887,81887,Conjunctival discharge
81900,81900,ADARB2
81911,81911,renal system process involved in regulation of systemic arterial blood pressure
81932,81932,ARB1
81934,81934,nuclear migration along microfilament
81950,81950,regulation of cellular response to drug
81963,81963,Pancreatitis due to biliary obstruction
81971,81971,negative regulation of cell growth involved in cardiac muscle cell development
81986,81986,ciliary plasm
81994,81994,middle ear cancer
81999,81999,cardiac ventricle morphogenesis
82018,82018,peptidyl-arginine omega-N-methylation
82021,82021,SCARNA6
82029,82029,negative regulation of cellular response to macrophage colony-stimulating factor stimulus
82044,82044,ARG3
82058,82058,positive regulation of lipoprotein particle clearance
82091,82091,endocardium morphogenesis
82095,82095,PLCG1 events in ERBB2 signaling
82140,82140,MARK2P12
82206,82206,nuclear transcription factor complex
82229,82229,Physiological and Pathological Hypertrophy  of the Heart
82265,82265,regulation of secondary metabolite biosynthetic process
82270,82270,JARID2
82274,82274,RNF180
82300,82300,establishment of cell polarity involved in ameboidal cell migration
82346,82346,ARL11
82350,82350,"proteasome regulatory particle, base subcomplex"
82358,82358,positive regulation of cardiac endothelial to mesenchymal transition
82359,82359,Urinary tract obstruction
82376,82376,voltage-gated potassium channel activity involved in atrial cardiac muscle cell action potential repolarization
82392,82392,Arrhythmia supraventricular
82396,82396,hydroxymethylglutaryl-CoA synthase activity
82444,82444,spherical high-density lipoprotein particle
82450,82450,RMTs methylate histone arginines
82494,82494,LPAR2
82520,82520,Blood parathyroid hormone increased
82528,82528,Apramycin
82532,82532,positive regulation of cellular catabolic process
82533,82533,Warfarin
82538,82538,growth cone part
82555,82555,Wide complex tachycardia
82562,82562,CIBAR1
82619,82619,"ARG5,6"
82625,82625,cardiac muscle cell development
82626,82626,host cell nuclear part
82660,82660,ARP9
82706,82706,WARS2-AS1
82709,82709,Ditiocarb Zinc
82733,82733,ARMH4
82746,82746,Cardiotoxicity
82755,82755,Neuritis retrobulbar
82792,82792,SNAR-A5
82848,82848,TIPARP
82853,82853,positive regulation of mitotic nuclear division
82859,82859,negative regulation of vascular smooth muscle cell differentiation
82860,82860,perinuclear region of cytoplasm
82882,82882,ARHGEF5
82884,82884,negative regulation of cardiac muscle cell apoptotic process
82919,82919,metanephric glomerular capillary formation
82924,82924,"hydrolase activity, acting on carbon-nitrogen (but not peptide) bonds, in cyclic amidines"
82931,82931,CARD17
82943,82943,Calcium saccharate
82944,82944,Coronary heart disease
82975,82975,negative regulation of barbed-end actin filament capping
82991,82991,negative regulation of aspartic-type peptidase activity
82995,82995,cellular response to amino acid stimulus
83014,83014,PCDH11X
83015,83015,positive regulation of mitophagy in response to mitochondrial depolarization
83028,83028,cellular response to nicotine
83076,83076,Brivaracetam
83086,83086,proton-dependent oligopeptide secondary active transmembrane transporter activity
83129,83129,Pharyngeal oedema
83161,83161,central retinal artery
83177,83177,positive regulation of cellular response to macrophage colony-stimulating factor stimulus
83181,83181,ARIH2OS
83197,83197,ARSLP1
83243,83243,progesterone secretion
83269,83269,Cardiopulmonary failure
83295,83295,NARS1P1
83297,83297,SRARP
83316,83316,Benziodarone
83388,83388,LARP7P4
83391,83391,ARAP1
83418,83418,lipopolysaccharide receptor complex
83425,83425,development of primary female sexual characteristics
83447,83447,Block heart
83450,83450,Lysosomal oligosaccharide catabolism
83456,83456,Darifenacin
83472,83472,sarcoplasmic reticulum calcium ion transport
83536,83536,propionyl-CoA carboxylase activity
83539,83539,Postinfarction
83553,83553,regulation of mitotic sister chromatid separation
83562,83562,branching involved in salivary gland morphogenesis
83588,83588,Bipolar I disorder
83601,83601,Palmar erythema
83621,83621,ARF5
83623,83623,glomerular epithelial cell differentiation
83624,83624,chromosome localization to nuclear envelope involved in homologous chromosome segregation
83626,83626,Vardenafil
83641,83641,PARD3
83663,83663,Sinus bradycardia
83676,83676,cellular response to temperature stimulus
83700,83700,TP53I11
83710,83710,Renal tubular disorder
83713,83713,positive regulation of atrial cardiac muscle cell action potential
83725,83725,Biliary colic
83730,83730,ARNTL2-AS1
83752,83752,ZNF137P
83767,83767,hematopoietic stem cell migration to bone marrow
83773,83773,Nuclear Receptor transcription pathway
83803,83803,regulation of cellular pH
83805,83805,cardiac muscle contraction
83835,83835,intracellular distribution of mitochondria
83876,83876,extracellularly ATP-gated cation channel activity
83900,83900,ARHI1
83914,83914,CDH18
83928,83928,cellular polysaccharide metabolic process
83948,83948,cellular protein-containing complex localization
83956,83956,SNAR-C4
83969,83969,cerebellar cortex structural organization
83982,83982,mammary gland
84105,84105,ARC35
84114,84114,ARP4
84125,84125,Carboxyterminal post-translational modifications of tubulin
84167,84167,TSPEAR-AS1
84169,84169,LPAR3
84202,84202,regulation of the force of heart contraction by chemical signal
84237,84237,TP53TG1
84242,84242,Myocardial disorder
84256,84256,positive regulation of nuclear division
84274,84274,RNF152
84279,84279,Oropharyngeal discomfort
84280,84280,organellar ribosome
84283,84283,ARC15
84295,84295,tricarboxylic acid transmembrane transporter activity
84301,84301,cardiac septum morphogenesis
84304,84304,startle response
84409,84409,regulation of vascular endothelial growth factor production
84435,84435,polarized epithelial cell differentiation
84440,84440,Urticaria
84445,84445,nuclear cohesin complex
84456,84456,asparagine transport
84457,84457,columnar/cuboidal epithelial cell maturation
84491,84491,arginine biosynthetic process via ornithine
84516,84516,fibrillar collagen trimer
84525,84525,ARID2
84558,84558,positive regulation of vascular wound healing
84559,84559,aromatic amino acid family catabolic process
84574,84574,Disinhibition of SNARE formation
84591,84591,ZNF121
84597,84597,ventricular cardiac muscle cell development
84598,84598,ARPP19
84604,84604,liposaccharide metabolic process
84622,84622,lumbar vertebra
84637,84637,Brca2
84643,84643,Cardiac disorder
84709,84709,intrinsic component of nuclear inner membrane
84726,84726,Malignant ovarian cyst
84730,84730,STARD13
84739,84739,"Hearing Loss, Mixed Conductive-Sensorineural"
84744,84744,cellular biogenic amine metabolic process
84767,84767,regulation of cerebellar granule cell precursor proliferation
84797,84797,C5AR1
84803,84803,angiogenesis involved in coronary vascular morphogenesis
84810,84810,ARMC2
84818,84818,Azithromycin
84820,84820,Mycobacterium test
84840,84840,Cerebral arterial aneurysm
84887,84887,cellular potassium ion homeostasis
84920,84920,Paralysis
84977,84977,regulation of ventricular cardiac muscle cell membrane depolarization
84987,84987,proteasome regulatory particle
84993,84993,PARP11
84996,84996,positive regulation of secondary metabolite biosynthetic process
85076,85076,Kanamycin
85097,85097,"heparan sulfate proteoglycan biosynthetic process, enzymatic modification"
85120,85120,Synthesis of PIPs at the early endosome membrane
85142,85142,Vascular pain
85153,85153,NAD(P)+-protein-arginine ADP-ribosyltransferase activity
85154,85154,positive regulation of cellular extravasation
85166,85166,ZNF180
85169,85169,cardiac septum development
85171,85171,ARL4D
85172,85172,Basal cell carcinoma
85188,85188,PIK3CA
85242,85242,barbed-end actin filament capping
85278,85278,ARSI
85309,85309,Bladder carcinoma
85328,85328,MYCBP2-AS2
85330,85330,Cardiac failure high output
85335,85335,Nodal tachycardia
85361,85361,positive regulation of extracellular exosome assembly
85366,85366,asparagine-tRNA ligase activity
85373,85373,nuclear membrane
85376,85376,submandibular gland
85387,85387,cellular response to glucocorticoid stimulus
85388,85388,cell-cell adhesion in response to extracellular stimulus
85397,85397,Metastatic renal cell carcinoma
85412,85412,Genitourinary chlamydia infection
85432,85432,response to progesterone
85446,85446,nuclear pore central transport channel
85450,85450,ZNF197-AS1
85458,85458,membrane depolarization during bundle of His cell action potential
85477,85477,sugar-terminal-phosphatase activity
85486,85486,cardiac epithelial to mesenchymal transition
85515,85515,Diffuse large B-cell lymphoma
85546,85546,oligosaccharyltransferase I complex
85549,85549,negative regulation of planar cell polarity pathway involved in axis elongation
85562,85562,ventricular cardiac muscle tissue development
85619,85619,cardiovascular system
85677,85677,ARD1
85678,85678,Myocardial Stunning
85679,85679,Naratriptan
85692,85692,Rheumatoid arthritis
85734,85734,pharynx cancer
85741,85741,Inhibition of replication initiation of damaged DNA by RB1/E2F1
85755,85755,nuclear proteasome complex
85757,85757,Fatty Acids bound to GPR40 (FFAR1) regulate insulin secretion
85776,85776,megakaryocyte differentiation
85789,85789,carnitine transmembrane transport
85817,85817,negative regulation of SNARE complex assembly
85819,85819,cellular pigment accumulation
85837,85837,ARVCF
85858,85858,SA node cell to atrial cardiac muscle cell communication
85872,85872,"postsynaptic density, intracellular component"
85881,85881,Apoptotic cleavage of cellular proteins
85934,85934,GARS1-DT
85949,85949,Budd-Chiari syndrome
85952,85952,BARX1
85962,85962,modification by symbiont of host cellular component
85967,85967,carnitine O-palmitoyltransferase activity
85971,85971,negative regulation of low-density lipoprotein particle clearance
86024,86024,Parthenolide
86029,86029,STARD10
86033,86033,"coreceptor activity involved in Wnt signaling pathway, planar cell polarity pathway"
86043,86043,cellular response to catecholamine stimulus
86045,86045,Sleep paralysis
86051,86051,SNAR-C3
86055,86055,positive regulation of meiotic nuclear division
86064,86064,regulation of protein processing involved in protein targeting to mitochondrion
86084,86084,Regulation of TP53 Activity through Phosphorylation
86094,86094,ARHGEF35
86114,86114,ARMCX5-GPRASP2
86116,86116,Vascular resistance pulmonary increased
86137,86137,par-1
86151,86151,atrioventricular bundle
86161,86161,Benign breast neoplasm
86174,86174,"oxidoreductase activity, acting on phosphorus or arsenic in donors, disulfide as acceptor"
86199,86199,heparan sulfate proteoglycan biosynthetic process
86252,86252,Infusion site warmth
86260,86260,Cardiac hypertrophy
86276,86276,negative regulation of cellular response to hypoxia
86294,86294,Learning disability
86308,86308,regulation of establishment of cell polarity
86321,86321,Neuropathic arthropathy
86323,86323,Artemotil
86324,86324,NF1P5
86335,86335,CHEK2
86384,86384,establishment of synaptic specificity at neuromuscular junction
86387,86387,MIR548AR
86399,86399,G-protein activated inward rectifier potassium channel activity
86454,86454,regulation of multivesicular body size
86511,86511,Partner stress
86513,86513,ANKAR
86532,86532,PARVB
86533,86533,SOCAR
86550,86550,regulation of establishment or maintenance of cell polarity
86584,86584,ARL4A
86593,86593,cellular response to brain-derived neurotrophic factor stimulus
86612,86612,cellular oligosaccharide metabolic process
86617,86617,TAAR4P
86630,86630,positive regulation of cardiac vascular smooth muscle cell differentiation
86642,86642,lobar bronchus development
86644,86644,Ear malformation
86645,86645,PCDH17
86656,86656,perinuclear theca
86660,86660,CIBAR2
86679,86679,primary lysosome
86721,86721,regulation of growth plate cartilage chondrocyte proliferation
86743,86743,MYCBP2
86767,86767,Lumbar puncture headache
86768,86768,MYCBP
86777,86777,MSRB1
86789,86789,SCARB2
86799,86799,GABARAPL3
86816,86816,G0 and Early G1
86826,86826,positive regulation of intracellular lipid transport
86829,86829,Penile discharge
86861,86861,Arteritic anterior ischaemic optic neuropathy
86920,86920,cellular response to L-arginine
86929,86929,positive regulation of cardiac muscle hypertrophy in response to stress
86935,86935,CHEK2P2
86938,86938,parturition
86968,86968,positive regulation of low-density lipoprotein particle receptor catabolic process
86991,86991,Amenorrhea secondary
87005,87005,RNF14P1
87006,87006,Viomycin
87012,87012,epithelial to mesenchymal transition involved in cardiac fibroblast development
87025,87025,CARD14
87027,87027,Markedly reduced dietary intake
87076,87076,BANF1P1
87091,87091,Uterine fibroids enlarged
87102,87102,PTENP1
87169,87169,parathyroid hormone receptor activity
87172,87172,ARMS2
87178,87178,regulation of endothelial cell chemotaxis to vascular endothelial growth factor
87206,87206,"condensed nuclear chromosome, centromeric region"
87207,87207,ARSD-AS1
87227,87227,cytosolic large ribosomal subunit
87241,87241,positive regulation of cardiac muscle contraction
87244,87244,Loracarbef
87248,87248,positive regulation of relaxation of cardiac muscle
87260,87260,phosphorylated carbohydrate dephosphorylation
87294,87294,Carcinoma stomach
87332,87332,Hepatocellular injury
87345,87345,ventricular trabecula myocardium morphogenesis
87381,87381,AKT1
87384,87384,mononuclear cell migration
87431,87431,positive regulation of Notch signaling pathway involved in heart induction
87453,87453,Retinal vascular occlusion
87477,87477,regulation of estrogen receptor binding
87484,87484,MYCLP3
87506,87506,RNF130
87553,87553,nuclear migration
87559,87559,glomerular visceral epithelial cell development
87594,87594,cellular response to glucagon stimulus
87614,87614,intracellular sequestering of iron ion
87629,87629,Postpartum disorder
87643,87643,Postural orthostatic tachycardia syndrome
87660,87660,LARP7
87665,87665,negative regulation of very-low-density lipoprotein particle clearance
87667,87667,regulation of cargo loading into COPII-coated vesicle
87687,87687,Kearns-Sayre Syndrome
87688,87688,regulation of insulin secretion involved in cellular response to glucose stimulus
87718,87718,Cytarabine
87735,87735,CARM1P1
87748,87748,Lanthanum carbonate
87774,87774,regulation of synaptic growth at neuromuscular junction
87780,87780,motor learning
87803,87803,Lower urinary tract symptoms
87817,87817,Bone marrow depression
87822,87822,ARX1
87827,87827,RNF19A
87859,87859,ARHGAP42P3
87867,87867,Golgi apparatus part
87879,87879,Peripheral artery thrombosis
87895,87895,NOTCH3 Intracellular Domain Regulates Transcription
87908,87908,Vascular anomaly
87912,87912,ARHGDIA
87917,87917,Carditis
87937,87937,"1,2-Distearoyllecithin"
87956,87956,columnar/cuboidal epithelial cell differentiation
87959,87959,nuclear pore distribution
87966,87966,Laryngeal oedema
87969,87969,Oropharyngeal spasm
88022,88022,organellar large ribosomal subunit
88063,88063,endocardial cushion to mesenchymal transition
88089,88089,secondary active oligopeptide transmembrane transporter activity
88100,88100,RARS1
88101,88101,regulation of glomerular filtration
88118,88118,Osteoarthritis
88152,88152,Paraesthesia skin
88173,88173,olfactory learning
88199,88199,Bone marrow aplastic
88201,88201,large conductance calcium-activated potassium channel activity
88210,88210,Parkinsons Disease Pathway
88219,88219,negative regulation of cellular carbohydrate metabolic process
88227,88227,aryl hydrocarbon receptor binding
88230,88230,Hypertension paroxysmal
88243,88243,hijacked molecular function
88307,88307,membrane repolarization during atrial cardiac muscle cell action potential
88322,88322,ciliary pocket membrane
88324,88324,ARL6IP5
88325,88325,cell surface receptor signaling pathway involved in heart development
88331,88331,paranasal sinus
88332,88332,establishment of monopolar cell polarity
88353,88353,response to parathyroid hormone
88356,88356,regulation of cardiac muscle cell action potential involved in regulation of contraction
88359,88359,LNCARSR
88373,88373,Cardiac failure
88397,88397,Atrial arrhythmia
88401,88401,L-aspartate transmembrane transport
88457,88457,cardiac ventricle
88460,88460,cellular response to monosaccharide stimulus
88496,88496,ARN2
88511,88511,TP53TG3GP
88512,88512,Myocardial necrosis
88513,88513,cardiac fibroblast cell development
88524,88524,ARHGAP35
88563,88563,regulation of nuclear-transcribed mRNA poly(A) tail shortening
88564,88564,Membrane binding and targetting of GAG proteins
88589,88589,Parasuicide
88591,88591,TP53COR1
88593,88593,breast cancer
88595,88595,"nuclear chromosome, telomeric region"
88640,88640,regulation of atrial cardiac muscle cell membrane repolarization
88664,88664,positive regulation of progesterone biosynthetic process
88665,88665,ADARB2-AS1
88668,88668,RNF113A
88670,88670,ARHGAP33
88674,88674,Baloxavir marboxil
88730,88730,Rash macular
88762,88762,carboxylic ester hydrolase activity
88766,88766,amino sugar biosynthetic process
88779,88779,Blepharospasm
88790,88790,nuclear outer membrane
88791,88791,Arterial insufficiency
88801,88801,Renal cell carcinoma
88818,88818,vesicle targeting
88821,88821,Diethylcarbamazine
88841,88841,establishment of epithelial cell polarity
88846,88846,Primary Focal Segmental Glomerulosclerosis FSGS
88878,88878,Dermoid cyst of ovary
88919,88919,atrial cardiac muscle cell differentiation
88925,88925,regulation of response to extracellular stimulus
88934,88934,Sodium tartrate
88944,88944,RNF11
88946,88946,Kearns-Sayre syndrome
88949,88949,Nanoparticle-mediated activation of receptor signaling
88953,88953,angiotensin-activated signaling pathway involved in heart process
88975,88975,SCARNA28
88986,88986,WSPAR
89029,89029,Haemarthrosis
89068,89068,positive regulation of mononuclear cell proliferation
89073,89073,RARRES2P2
89095,89095,Carbocisteine
89103,89103,Paranoid reaction
89114,89114,Purkinje myocyte to ventricular cardiac muscle cell signaling
89120,89120,RPARP-AS1
89136,89136,response to dietary excess
89173,89173,positive regulation of endothelial cell chemotaxis by VEGF-activated vascular endothelial growth factor receptor signaling pathway
89177,89177,voluntary musculoskeletal movement
89197,89197,Asparagine N-linked glycosylation
89227,89227,vacuolar lumen
89303,89303,regulation of intracellular lipid transport
89323,89323,Carbenicillin
89331,89331,SNARE binding
89333,89333,regulation of cellular respiration
89335,89335,FFAR1
89355,89355,Sparfloxacin
89381,89381,PARG
89422,89422,cochlear nucleus
89442,89442,Breast feeding
89448,89448,Digestion of dietary carbohydrate
89463,89463,aspartate family amino acid biosynthetic process
89504,89504,monosaccharide catabolic process
89508,89508,planar dichotomous subdivision of terminal units involved in lung branching morphogenesis
89510,89510,Carbamoyl Phosphate Synthetase 1 Activators
89523,89523,NF1P9
89529,89529,vacuolar membrane
89549,89549,arachidonate 15-lipoxygenase activity
89581,89581,DNA secondary structure binding
89603,89603,Niraparib
89625,89625,inward rectifier potassium channel complex
89629,89629,Hyperemesis Gravidarum
89630,89630,Mucormycosis
89641,89641,FAR2P4
89661,89661,Competing endogenous RNAs (ceRNAs) regulate PTEN translation
89667,89667,neuromuscular process controlling posture
89677,89677,ARHGAP11A
89680,89680,OSCAR
89704,89704,FAR2
89758,89758,cellular modified amino acid catabolic process
89786,89786,ARF2P
89803,89803,regulation of vascular smooth muscle cell differentiation involved in phenotypic switching
89895,89895,growth involved in heart morphogenesis
89900,89900,regulation of bicellular tight junction assembly
89906,89906,IIIrd nerve paralysis
89916,89916,positive regulation of chromosome separation
89917,89917,ARG82
89938,89938,Nasopharyngeal cancer
89960,89960,Estrogen signaling pathway
89985,89985,Monarthritis
89987,89987,embryonic heart tube left/right pattern formation
90008,90008,ARR3
90018,90018,Uterine enlargement
90037,90037,PARP15
90038,90038,positive regulation of leukocyte adhesion to arterial endothelial cell
90045,90045,NARF
90048,90048,Cflar
90052,90052,negative regulation by symbiont of host molecular function
90055,90055,ARHGAP20
90066,90066,desensitization of G protein-coupled receptor signaling pathway by arrestin
90124,90124,ARHGAP11B
90126,90126,RNF148
90161,90161,Bronchospasm paradoxical
90175,90175,ARL13A
90186,90186,cellular response to ammonium ion
90210,90210,ARHGAP24
90211,90211,LILRB1
90212,90212,ARL6IP1P1
90218,90218,Arthritis bacterial
90289,90289,ARID4B
90290,90290,protein localization to nuclear pore
90291,90291,Low set ears
90303,90303,Lobar pneumonia
90309,90309,box H/ACA scaRNP complex
90315,90315,Hemiparesis
90366,90366,positive regulation of natural killer cell mediated cytotoxicity directed against tumor cell target
90367,90367,Aluminium tristearate
90386,90386,"Paraparesis, Spastic"
90415,90415,Cocarboxylase
90429,90429,ART5
90458,90458,papillary muscle of heart
90459,90459,paraaortic body
90461,90461,cardiac muscle cell action potential
90464,90464,Secondary syphilis
90495,90495,"Sodium-coupled sulphate, di- and tri-carboxylate transporters"
90507,90507,positive regulation of secondary heart field cardioblast proliferation
90509,90509,Breast enlargement female
90513,90513,atrioventricular node development
90516,90516,glycine decarboxylation via glycine cleavage system
90534,90534,RARRES2P10
90550,90550,cellular response to tumor cell
90556,90556,Hyperparathyroidism primary
90566,90566,Nerve paralysis
90605,90605,carbohydrate binding
90622,90622,common carotid artery plus branches
90640,90640,cartilage condensation
90674,90674,regulation of heart rate by chemical signal
90686,90686,male meiotic nuclear division
90697,90697,MARCHF10-DT
90718,90718,ARSJ
90720,90720,PARP6
90742,90742,SA node cell to atrial cardiac muscle cell signaling
90747,90747,cellular response to ethanol
90755,90755,Ocular surface disease
90758,90758,cell migration involved in coronary vasculogenesis
90769,90769,establishment of body hair planar orientation
90777,90777,negative regulation of supramolecular fiber organization
90784,90784,metallocarboxypeptidase activity
90820,90820,Oesophageal varices haemorrhage
90829,90829,Electrocardiogram abnormal
90834,90834,tolerance induction to lipopolysaccharide
90884,90884,cerebellar molecular layer development
90898,90898,ZNF17
90903,90903,LARP1B
90945,90945,Isoetharine
90955,90955,DARPP-32 events
90985,90985,"intramolecular oxidoreductase activity, transposing S-S bonds"
90988,90988,Sleep Paralysis
90995,90995,ARP8
91028,91028,ciliary neurotrophic factor receptor activity
91042,91042,HIV elongation arrest and recovery
91055,91055,Olmesartan
91069,91069,MARK1
91108,91108,SCARNA7
91117,91117,cellular hypotonic salinity response
91135,91135,PRKAR2B-AS1
91165,91165,modulation by host of symbiont molecular function
91173,91173,Fondaparinux
91177,91177,Varicose vein
91181,91181,Arteriovenous fistula
91186,91186,inner ear development
91233,91233,ATP-activated inward rectifier potassium channel activity
91269,91269,carbon catabolite activation of transcription from RNA polymerase II promoter
91289,91289,SCARA3
91309,91309,ARC
91312,91312,Large intestinal obstruction
91342,91342,apical part of cell
91344,91344,Coronary artery occlusion
91384,91384,MARK2P15
91386,91386,hepaticobiliary system development
91406,91406,cytoskeletal anchoring at nuclear membrane
91409,91409,monocarboxylic acid transmembrane transporter activity
91410,91410,neuromuscular junction development
91412,91412,Toxicity to various agents
91417,91417,ARHGEF37
91432,91432,ARGFXP2
91465,91465,LIVAR
91474,91474,negative regulation of cartilage development
91477,91477,ciliary receptor clustering involved in smoothened signaling pathway
91480,91480,regulation of endoplasmic reticulum tubular network organization
91484,91484,amino sugar metabolic process
91500,91500,LARGE-AS1
91504,91504,left ventricular cardiac muscle tissue morphogenesis
91507,91507,endoplasmic reticulum tubular network
91514,91514,cell cycle arrest
91583,91583,Cardiac septal defect
91617,91617,Metatarsalgia
91657,91657,Lower Urinary Tract Symptoms
91672,91672,nonassociative learning
91677,91677,Guillain-Barre syndrome
91678,91678,ulnar nerve
91696,91696,Magnesium carbonate
91765,91765,juxtaparanode region of axon
91773,91773,aromatic amino acid transmembrane transporter activity
91776,91776,extracellular matrix assembly
91814,91814,Paraesthesia NEC
91827,91827,vascular process in circulatory system
91842,91842,meiotic chromosome movement towards spindle pole
91848,91848,Sensation of warmth
91855,91855,Kaposi's sarcoma
91883,91883,Dermatitis flare-up
91886,91886,BRCA3
91909,91909,RNA secondary structure unwinding
91922,91922,PI3K events in ERBB2 signaling
91923,91923,Amobarbital
91926,91926,Polyarthralgia
91944,91944,tubulobulbar complex
91955,91955,LARGE2
91970,91970,Breast cancer male
91977,91977,"Aphasia, Primary Progressive"
91983,91983,estrogen biosynthetic process
92008,92008,establishment of neuroblast polarity
92019,92019,atrial cardiac muscle tissue morphogenesis
92036,92036,FAR2P1
92040,92040,positive regulation of mononuclear cell migration
92063,92063,ARMC10
92064,92064,Breast neoplasm benign female
92079,92079,ARMC8
92135,92135,SNF11
92169,92169,Gabapentin enacarbil
92203,92203,Circumoral paresthesia
92215,92215,positive regulation of vascular smooth muscle contraction
92245,92245,Nocturnal Paroxysmal Dystonia
92247,92247,"Defective ABCC9 causes dilated cardiomyopathy 10, familial atrial fibrillation 12 and hypertrichotic osteochondrodysplasia"
92263,92263,A-type (transient outward) potassium channel activity
92270,92270,SNF1
92313,92313,female meiotic nuclear division
92331,92331,specification of axis polarity
92334,92334,positive regulation of cellular protein localization
92340,92340,Aryl Hydrocarbon Receptor
92342,92342,ARHGAP26
92353,92353,Progesterone
92356,92356,TAAR1
92404,92404,Extrapulmonary pneumocystosis
92410,92410,cellular response to external stimulus
92417,92417,pyrimidine nucleotide-sugar transmembrane transport
92487,92487,Electrocardiogram U-wave abnormality
92502,92502,negative regulation of epidermal growth factor receptor signaling pathway involved in heart process
92517,92517,regulation of artery morphogenesis
92549,92549,Golgi vesicle fusion to target membrane
92639,92639,Peripheral arterial occlusive disease
92654,92654,Breast malformation
92655,92655,RARRES2P6
92662,92662,nuclear DNA-directed RNA polymerase complex
92671,92671,cellular response to fluid shear stress
92693,92693,response to amino acid starvation
92695,92695,Medroxyprogesterone acetate
92706,92706,Dysaesthesia pharynx
92718,92718,heart development
92724,92724,Idarubicin
92737,92737,ARL4AP5
92759,92759,osteoarthritis
92783,92783,regulation of cardiac muscle tissue growth
92791,92791,regulation of cellular protein catabolic process
92800,92800,cardiac muscle cell contraction
92896,92896,Activated partial thromboplastin time prolonged
92900,92900,Cardiac valve disease
92933,92933,RARRES2P7
92941,92941,internal ear
93001,93001,TARS2P1
93009,93009,ARL8B
93029,93029,VxPx cargo-targeting to cilium
93033,93033,Cardiac output decreased
93038,93038,ARL14EP
93043,93043,LILRB1-AS1
93047,93047,Olaparib
93054,93054,CDH12P2
93075,93075,Leukemia secondary
93087,93087,RB1-DT
93109,93109,early endosome membrane
93113,93113,negative regulation of cellular protein catabolic process
93124,93124,renal response to blood flow involved in circulatory renin-angiotensin regulation of systemic arterial blood pressure
93136,93136,carbonate dehydratase activity
93142,93142,vacuolar part
93186,93186,"oxidoreductase activity, acting on NAD(P)H, quinone or similar compound as acceptor"
93194,93194,FAR3
93247,93247,Aryl hydrocarbon receptor signalling
93265,93265,cellular response to amino acid starvation
93295,93295,Atrioventricular block
93297,93297,cardiac atrium development
93325,93325,Urinary sediment abnormal
93356,93356,SNAR-A2
93417,93417,Transport of gamma-carboxylated protein precursors from the endoplasmic reticulum to the Golgi apparatus
93419,93419,positive regulation of cell growth involved in cardiac muscle cell development
93507,93507,Hepatocellular adenoma
93513,93513,Paraparesis
93530,93530,Carbidopa
93538,93538,SMARCAL1
93540,93540,ARSL
93564,93564,Pulmonary arterial hypertension
93581,93581,cellular response to molecule of fungal origin
93591,93591,cellular response to L-glutamate
93605,93605,ARF guanyl-nucleotide exchange factor activity
93617,93617,intraciliary transport particle A
93634,93634,ARID3C
93645,93645,atrioventricular canal development
93675,93675,Parotid gland enlargement
93683,93683,Gastroparesis
93719,93719,negative regulation of cerebellar granule cell precursor proliferation
93720,93720,FAR1P1
93766,93766,regulation of eIF2 alpha phosphorylation by amino acid starvation
93788,93788,regulation of ovarian follicle development
93790,93790,regulation of cardiac endothelial to mesenchymal transition
93809,93809,Telithromycin
93818,93818,Ventricular bigeminy
93834,93834,Cantharidin
93836,93836,"oxidoreductase activity, acting on phosphorus or arsenic in donors"
93849,93849,ARL5AP2
93853,93853,SMARCA2
93969,93969,positive regulation of cardiac neural crest cell migration involved in outflow tract morphogenesis
94040,94040,atrial cardiac muscle cell to AV node cell signaling
94065,94065,negative regulation of production of molecular mediator of immune response
94068,94068,Genital discharge
94073,94073,Sodium bicarbonate
94112,94112,Pulmonary fibrosis
94121,94121,mammary gland epithelial cell differentiation
94137,94137,cellular divalent inorganic cation homeostasis
94181,94181,Acute cardiac toxicity
94194,94194,FBXL7 down-regulates AURKA during mitotic entry and in early mitosis
94204,94204,Mitomycin
94206,94206,PARM1-AS1
94209,94209,low-density lipoprotein particle binding
94222,94222,nucleolar large rRNA transcription by RNA polymerase I
94239,94239,positive regulation of mitotic centrosome separation
94263,94263,cardiac right ventricle morphogenesis
94270,94270,MARVELD3
94278,94278,cellular response to X-ray
94279,94279,Cellular response to hypoxia
94282,94282,cellular carbohydrate catabolic process
94305,94305,ARL14EPL
94309,94309,negative regulation of adenylate cyclase-activating adrenergic receptor signaling pathway involved in heart process
94324,94324,Cardiac failure right
94373,94373,Dark circles under eyes
94395,94395,BCAR1P2
94398,94398,Oropharyngeal pain
94421,94421,TP53INP2
94422,94422,dilated cardiomyopathy
94429,94429,Carboprost tromethamine
94455,94455,Carbomycin
94480,94480,palmitoyl-[acyl-carrier-protein] hydrolase activity
94488,94488,Breast microcalcification
94494,94494,Cerebrovascular accident
94498,94498,sarcomere organization
94508,94508,Rheumatoid arthritis aggravated
94521,94521,ribosomal large subunit export from nucleus
94529,94529,Arterial occlusive disease
94537,94537,negative regulation of cellular response to oxidative stress
94545,94545,PCDH12
94553,94553,ARL2BPP2
94570,94570,cerebellar Purkinje cell differentiation
94579,94579,"Mental Retardation, X-Linked"
94581,94581,ADARB1
94598,94598,Earache
94609,94609,cellular response to estradiol stimulus
94610,94610,3-oxoacyl-[acyl-carrier-protein] reductase (NADH) activity
94618,94618,high-density lipoprotein particle
94634,94634,polysaccharide binding
94638,94638,SCARNA26B
94646,94646,cellular response to lipoteichoic acid
94649,94649,SMARCE1P3
94688,94688,NF1P8
94692,94692,cellular response to interleukin-4
94697,94697,SCARNA5
94727,94727,Vocal Cord Paralysis
94745,94745,external carotid artery
94768,94768,cellular response to starvation
94784,94784,Madarosis
94806,94806,establishment of endothelial intestinal barrier
94812,94812,Infusion site urticaria
94835,94835,inner ear receptor cell fate commitment
94855,94855,learning
94861,94861,sarcolemma
94899,94899,Sinus arrest
94901,94901,positive regulation of supramolecular fiber organization
94911,94911,Biliary sludge
94914,94914,host intracellular membrane-bounded organelle
94925,94925,cerebellar granular layer development
94997,94997,Renal papillary necrosis
95003,95003,regulation of mononuclear cell proliferation
95012,95012,lipopolysaccharide transport
95030,95030,Hypopituitarism
95045,95045,gap junction channel activity involved in SA node cell-atrial cardiac muscle cell electrical coupling
95055,95055,cellular response to ketone
95065,95065,Calcium carbonate
95094,95094,Increased Megakaryocyte Maturation
95105,95105,Loss of skin markings
95138,95138,positive regulation of membrane repolarization during ventricular cardiac muscle cell action potential
95142,95142,"oxidoreductase activity, acting on single donors with incorporation of molecular oxygen"
95145,95145,cellular response to oxidised low-density lipoprotein particle stimulus
95149,95149,regulation of cell growth involved in cardiac muscle cell development
95193,95193,low-density lipoprotein particle mediated signaling
95203,95203,arterial endothelial cell differentiation
95223,95223,cell adhesion involved in heart morphogenesis
95244,95244,GARS1
95265,95265,cellular response to glucose stimulus
95298,95298,ciliary neurotrophic factor-mediated signaling pathway
95329,95329,ANKRD62P1-PARP4P3
95335,95335,SAR1AP1
95339,95339,Cerebral infarction
95365,95365,cellular response to water deprivation
95410,95410,Increased Medullary Respiratory Drive
95414,95414,phosphoenolpyruvate carboxykinase (GTP) activity
95434,95434,ARL2BP
95458,95458,SNAR-A9
95468,95468,detection of lipopolysaccharide
95488,95488,vascular smooth muscle contraction
95504,95504,assembly of actomyosin apparatus involved in cytokinesis
95508,95508,Limb paresis
95512,95512,nuclear envelope lumen
95526,95526,middle ear
95546,95546,follicular dendritic cell differentiation
95548,95548,MSRB1P1
95554,95554,Gastrointestinal carcinoma
95564,95564,metanephric part of ureteric bud development
95601,95601,ARMC5
95604,95604,LPAR5
95644,95644,Intraocular pressure increased
95689,95689,Ovarian enlargement
95691,95691,regulation of nuclear receptor transcription coactivator activity
95705,95705,peroxisome targeting sequence binding
95715,95715,hard palate development
95716,95716,baroreceptor response to increased systemic arterial blood pressure
95775,95775,Constitutive Signaling by AKT1 E17K in Cancer
95781,95781,negative regulation of arachidonic acid secretion
95827,95827,heart trabecula formation
95849,95849,Ear infection
95853,95853,epithelial cell proliferation involved in salivary gland morphogenesis
95929,95929,Aripiprazole
95977,95977,Proarrhythmic effect
95986,95986,modulation of molecular function in other organism involved in symbiotic interaction
96000,96000,FAR1
96014,96014,cellular response to morphine
96030,96030,polar body extrusion after meiotic divisions
96092,96092,early viral transcription
96113,96113,ARAP2
96118,96118,Parasomnia
96138,96138,LARP7P3
96191,96191,voltage-gated potassium channel activity involved in cardiac muscle cell action potential repolarization
96198,96198,positive regulation of nuclear-transcribed mRNA poly(A) tail shortening
96209,96209,cellular response to phosphate starvation
96222,96222,Ischaemic cardiomyopathy
96273,96273,secondary metabolic process
96284,96284,carnitine transport
96301,96301,TP53
96305,96305,MARCHF3
96316,96316,regulation of extracellular matrix constituent secretion
96317,96317,Rucaparib
96341,96341,regulation of blood microparticle formation
96351,96351,Proxibarbal
96358,96358,WARS1P1
96372,96372,cellular response to trichostatin A
96391,96391,Renal artery thrombosis
